id,bid,正文,原始图片url,视频url,位置,日期,工具,点赞数,评论数,转发数,话题,@用户
5150968207900959,PlnUMx9oP,Biu biu biu～ ,"https://wx2.sinaimg.cn/large/001P0DUIgy1i02dmkdh2pj62c0340kjo02.jpg,https://wx1.sinaimg.cn/large/001P0DUIgy1i02dmpcef2j62c03404qs02.jpg,https://wx4.sinaimg.cn/large/001P0DUIgy1i02dmveow0j62c0340x6s02.jpg,https://wx1.sinaimg.cn/large/001P0DUIgy1i02dn11xf0j62c0340kjo02.jpg",,,2025-04-02,moto razr 50 Ultra,4209552,900420,1000000,,
5147005475881428,PjIPhoG1K,春日下午茶时光 ,"https://wx3.sinaimg.cn/large/001P0DUIgy1hzpqgngjghj65yo3z44qy02.jpg,https://wx2.sinaimg.cn/large/001P0DUIgy1hzpqf192luj65yo3z4u1302.jpg,https://wx1.sinaimg.cn/large/001P0DUIgy1hzpqixnt5ij65yo3z4he302.jpg,https://wx2.sinaimg.cn/large/001P0DUIgy1hzpqh49ajjj63z45yo1l702.jpg,https://wx1.sinaimg.cn/large/001P0DUIgy1hzpqfefkxgj65yo3z4he102.jpg,https://wx4.sinaimg.cn/large/001P0DUIgy1hzpqfxuqq5j65yo3z4b2g02.jpg,https://wx3.sinaimg.cn/large/001P0DUIgy1hzpqhs722pj65yo3z47wq02.jpg,https://wx2.sinaimg.cn/large/001P0DUIgy1hzpqia036sj65yo3z4he502.jpg,https://wx1.sinaimg.cn/large/001P0DUIgy1hzpqegga84j62c0340hdy02.jpg",,,2025-03-22,moto razr 50 Ultra,5343614,1000000,1000000,,
5145863605458679,Pjf7ymU3d,置身繁花中，与@DIOR迪奥 共度美好春日时光～ ,"https://wx1.sinaimg.cn/large/001P0DUIly1hzm3drwsr9j64ec2xkhdw02.jpg,https://wx1.sinaimg.cn/large/001P0DUIly1hzm3dcjbk0j65yo3z4x6x02.jpg,https://wx4.sinaimg.cn/large/001P0DUIly1hzm3desqz8j62ws4d6qv902.jpg,https://wx2.sinaimg.cn/large/001P0DUIly1hzm3dj6sj8j64qa35ju1002.jpg,https://wx3.sinaimg.cn/large/001P0DUIly1hzm3du70gzj64mo3344qs02.jpg,https://wx1.sinaimg.cn/large/001P0DUIly1hzm3dhar9jj64d62wsx6t02.jpg,https://wx4.sinaimg.cn/large/001P0DUIly1hzm3dmj6gbj63z45yokjt02.jpg,https://wx3.sinaimg.cn/large/001P0DUIly1hzm3do24h1j62i03c0u0z02.jpg,https://wx4.sinaimg.cn/large/001P0DUIly1hzm3dpqrnjj641s2p7u0y02.jpg",,,2025-03-19,moto razr 50 Ultra,3878938,1000000,1000000,,DIOR迪奥
5143675223413356,PikbUejY8,很高兴解锁「淳茶舍」大中华区品牌代言人新身份，送上当家冷萃茶！一滴、一滴、超过一万滴，回甘「斗」茶大会开始！#淳茶舍给你一万滴的回甘##迪丽热巴淳茶舍大中华区品牌代言人#淳茶舍官方微博的微博视频 ,,,,2025-03-13,微博视频号,4608974,1000000,1000000,"淳茶舍给你一万滴的回甘,迪丽热巴淳茶舍大中华区品牌代言人",
5141187578824928,PhhtzB1Ly,工作随拍存档 ,"https://wx2.sinaimg.cn/large/001P0DUIgy1hz76cem64sj62de35v1kz02.jpg,https://wx4.sinaimg.cn/large/001P0DUIgy1hz76ciore0j621s2qd1ky02.jpg,https://wx1.sinaimg.cn/large/001P0DUIgy1hz76cll3sej627p2yahdu02.jpg",,,2025-03-06,moto razr 50 Ultra,6015438,1000000,1000000,,
5130242349334606,PcGJYDama,新年收到的礼物，包开心的#DiorDJourney# ,"https://wx2.sinaimg.cn/large/001P0DUIly1hy89azifj8j63b04eou1002.jpg,https://wx2.sinaimg.cn/large/001P0DUIly1hy89b2k2j2j63b04eohdw02.jpg",,,2025-02-04,moto razr 50 Ultra,5294741,1000000,1000000,DiorDJourney,
5129917212133195,Pcyhz8WWn,灵主下班啦～烟火人间，又是新篇#慕胥辞官宣杀青##慕胥辞# ,"https://wx2.sinaimg.cn/large/001P0DUIly1hy77yk3sbdj62dw36j1kz02.jpg,https://wx4.sinaimg.cn/large/001P0DUIly1hy77ylgpkoj625g2v9x6p02.jpg,https://wx2.sinaimg.cn/large/001P0DUIly1hy77yovxv1j62v14ajkjn02.jpg,https://wx1.sinaimg.cn/large/001P0DUIly1hy77yryh99j64tc2pkkjq02.jpg",,,2025-02-03,moto razr 50 Ultra,8008249,1000000,1000000,"慕胥辞官宣杀青,慕胥辞",
5128201212266306,PbPDP9vzk,烟花噼里啪啦，过年嘻嘻哈哈[巳升升]祝大家新的一年红红火火！ ,"https://wx1.sinaimg.cn/large/001P0DUIgy1hy1qv5q2h7j62i03c01l102.jpg,https://wx1.sinaimg.cn/large/001P0DUIgy1hy1qvd11dpj62m83xc4qt02.jpg,https://wx2.sinaimg.cn/large/001P0DUIgy1hy1qviqphfj62m83xchdx02.jpg",,,2025-01-29,moto razr 50 Ultra,10090891,1000000,1000000,,
5127836698150222,PbG9Tycfc,背着我的小福袋来喽祝大家蛇年大吉，巳巳如意[招财进宝] ,"https://wx1.sinaimg.cn/large/001P0DUIgy1hy0l0ayrzqj62ez37zkjn02.jpg,https://wx1.sinaimg.cn/large/001P0DUIgy1hy0l0ex92wj62ez37znpe02.jpg,https://wx2.sinaimg.cn/large/001P0DUIgy1hy0l0i1bz1j62ez37zb2b02.jpg,https://wx4.sinaimg.cn/large/001P0DUIgy1hy0l0lxd57j62ez37ze8402.jpg,https://wx3.sinaimg.cn/large/001P0DUIgy1hy0l0pindmj62ez37z7wk02.jpg,https://wx3.sinaimg.cn/large/001P0DUIgy1hy0l0t15qyj62ez37zx6r02.jpg",,,2025-01-28,moto razr 50 Ultra,10038778,1000000,1000000,,
5126319060289025,Pb2G61dbH,库存真的不多了 ,"https://wx3.sinaimg.cn/large/001P0DUIgy1hxvqpu4qtoj61sc2dsnpe02.jpg,https://wx2.sinaimg.cn/large/001P0DUIgy1hxvqpw58rtj61sc2dsx6p02.jpg,https://wx3.sinaimg.cn/large/001P0DUIgy1hxvqpxmubgj61sc2ds7wi02.jpg,https://wx2.sinaimg.cn/large/001P0DUIgy1hxvqpzbpzxj61sc2dsqv602.jpg",,,2025-01-24,moto razr 50 Ultra,7080548,1000000,1000000,,
5121956434936194,P9dbBkI82,很内向，拍照只比 ,"https://wx2.sinaimg.cn/large/001P0DUIgy1hxhto9hwj7j631r42cu1002.jpg,https://wx1.sinaimg.cn/large/001P0DUIgy1hxhtoeh2n3j61sc2dshdu02.jpg,https://wx1.sinaimg.cn/large/001P0DUIgy1hxhtolr04xj61sc2dsqv602.jpg,https://wx3.sinaimg.cn/large/001P0DUIgy1hxhtogz638j61sc2dsb2a02.jpg,https://wx4.sinaimg.cn/large/001P0DUIgy1hxhtojbru0j61sc2dsu0y02.jpg,https://wx2.sinaimg.cn/large/001P0DUIgy1hxhtobw653j61sc2dse8202.jpg",,,2025-01-12,moto razr 50 Ultra,8673852,1000000,1000000,,
5117996536169672,P7yaFpT0Q,2025第一页已翻开[气运之子]大家元旦快乐呀！ ,"https://wx2.sinaimg.cn/large/001P0DUIgy1hx56vt24lkj61mo268b2a02.jpg,https://wx4.sinaimg.cn/large/001P0DUIgy1hx56vvnpigj61mo268u0x02.jpg,https://wx1.sinaimg.cn/large/001P0DUIgy1hx56w3k0erj61mo268e8202.jpg,https://wx4.sinaimg.cn/large/001P0DUIgy1hx56w7xaolj62681mou0x02.jpg",,,2025-01-01,moto razr 50 Ultra,10196581,1000000,1000000,,
id,bid,正文,原始图片url,视频url,位置,日期,工具,点赞数,评论数,转发数,话题,@用户
5150968207900959,PlnUMx9oP,Biu biu biu～ ,"https://wx2.sinaimg.cn/large/001P0DUIgy1i02dmkdh2pj62c0340kjo02.jpg,https://wx1.sinaimg.cn/large/001P0DUIgy1i02dmpcef2j62c03404qs02.jpg,https://wx4.sinaimg.cn/large/001P0DUIgy1i02dmveow0j62c0340x6s02.jpg,https://wx1.sinaimg.cn/large/001P0DUIgy1i02dn11xf0j62c0340kjo02.jpg",,,2025-04-02,moto razr 50 Ultra,4218115,904686,1000000,,
5147005475881428,PjIPhoG1K,春日下午茶时光 ,"https://wx3.sinaimg.cn/large/001P0DUIgy1hzpqgngjghj65yo3z44qy02.jpg,https://wx2.sinaimg.cn/large/001P0DUIgy1hzpqf192luj65yo3z4u1302.jpg,https://wx1.sinaimg.cn/large/001P0DUIgy1hzpqixnt5ij65yo3z4he302.jpg,https://wx2.sinaimg.cn/large/001P0DUIgy1hzpqh49ajjj63z45yo1l702.jpg,https://wx1.sinaimg.cn/large/001P0DUIgy1hzpqfefkxgj65yo3z4he102.jpg,https://wx4.sinaimg.cn/large/001P0DUIgy1hzpqfxuqq5j65yo3z4b2g02.jpg,https://wx3.sinaimg.cn/large/001P0DUIgy1hzpqhs722pj65yo3z47wq02.jpg,https://wx2.sinaimg.cn/large/001P0DUIgy1hzpqia036sj65yo3z4he502.jpg,https://wx1.sinaimg.cn/large/001P0DUIgy1hzpqegga84j62c0340hdy02.jpg",,,2025-03-22,moto razr 50 Ultra,5343646,1000000,1000000,,
5145863605458679,Pjf7ymU3d,置身繁花中，与@DIOR迪奥 共度美好春日时光～ ,"https://wx1.sinaimg.cn/large/001P0DUIly1hzm3drwsr9j64ec2xkhdw02.jpg,https://wx1.sinaimg.cn/large/001P0DUIly1hzm3dcjbk0j65yo3z4x6x02.jpg,https://wx4.sinaimg.cn/large/001P0DUIly1hzm3desqz8j62ws4d6qv902.jpg,https://wx2.sinaimg.cn/large/001P0DUIly1hzm3dj6sj8j64qa35ju1002.jpg,https://wx3.sinaimg.cn/large/001P0DUIly1hzm3du70gzj64mo3344qs02.jpg,https://wx1.sinaimg.cn/large/001P0DUIly1hzm3dhar9jj64d62wsx6t02.jpg,https://wx4.sinaimg.cn/large/001P0DUIly1hzm3dmj6gbj63z45yokjt02.jpg,https://wx3.sinaimg.cn/large/001P0DUIly1hzm3do24h1j62i03c0u0z02.jpg,https://wx4.sinaimg.cn/large/001P0DUIly1hzm3dpqrnjj641s2p7u0y02.jpg",,,2025-03-19,moto razr 50 Ultra,3878959,1000000,1000000,,DIOR迪奥
5143675223413356,PikbUejY8,很高兴解锁「淳茶舍」大中华区品牌代言人新身份，送上当家冷萃茶！一滴、一滴、超过一万滴，回甘「斗」茶大会开始！#淳茶舍给你一万滴的回甘##迪丽热巴淳茶舍大中华区品牌代言人#淳茶舍官方微博的微博视频 ,,,,2025-03-13,微博视频号,4608990,1000000,1000000,"淳茶舍给你一万滴的回甘,迪丽热巴淳茶舍大中华区品牌代言人",
5141187578824928,PhhtzB1Ly,工作随拍存档 ,"https://wx2.sinaimg.cn/large/001P0DUIgy1hz76cem64sj62de35v1kz02.jpg,https://wx4.sinaimg.cn/large/001P0DUIgy1hz76ciore0j621s2qd1ky02.jpg,https://wx1.sinaimg.cn/large/001P0DUIgy1hz76cll3sej627p2yahdu02.jpg",,,2025-03-06,moto razr 50 Ultra,6015462,1000000,1000000,,
5130242349334606,PcGJYDama,新年收到的礼物，包开心的#DiorDJourney# ,"https://wx2.sinaimg.cn/large/001P0DUIly1hy89azifj8j63b04eou1002.jpg,https://wx2.sinaimg.cn/large/001P0DUIly1hy89b2k2j2j63b04eohdw02.jpg",,,2025-02-04,moto razr 50 Ultra,5294747,1000000,1000000,DiorDJourney,
5129917212133195,Pcyhz8WWn,灵主下班啦～烟火人间，又是新篇#慕胥辞官宣杀青##慕胥辞# ,"https://wx2.sinaimg.cn/large/001P0DUIly1hy77yk3sbdj62dw36j1kz02.jpg,https://wx4.sinaimg.cn/large/001P0DUIly1hy77ylgpkoj625g2v9x6p02.jpg,https://wx2.sinaimg.cn/large/001P0DUIly1hy77yovxv1j62v14ajkjn02.jpg,https://wx1.sinaimg.cn/large/001P0DUIly1hy77yryh99j64tc2pkkjq02.jpg",,,2025-02-03,moto razr 50 Ultra,8008253,1000000,1000000,"慕胥辞官宣杀青,慕胥辞",
5128201212266306,PbPDP9vzk,烟花噼里啪啦，过年嘻嘻哈哈[巳升升]祝大家新的一年红红火火！ ,"https://wx1.sinaimg.cn/large/001P0DUIgy1hy1qv5q2h7j62i03c01l102.jpg,https://wx1.sinaimg.cn/large/001P0DUIgy1hy1qvd11dpj62m83xc4qt02.jpg,https://wx2.sinaimg.cn/large/001P0DUIgy1hy1qviqphfj62m83xchdx02.jpg",,,2025-01-29,moto razr 50 Ultra,10090895,1000000,1000000,,
5127836698150222,PbG9Tycfc,背着我的小福袋来喽祝大家蛇年大吉，巳巳如意[招财进宝] ,"https://wx1.sinaimg.cn/large/001P0DUIgy1hy0l0ayrzqj62ez37zkjn02.jpg,https://wx1.sinaimg.cn/large/001P0DUIgy1hy0l0ex92wj62ez37znpe02.jpg,https://wx2.sinaimg.cn/large/001P0DUIgy1hy0l0i1bz1j62ez37zb2b02.jpg,https://wx4.sinaimg.cn/large/001P0DUIgy1hy0l0lxd57j62ez37ze8402.jpg,https://wx3.sinaimg.cn/large/001P0DUIgy1hy0l0pindmj62ez37z7wk02.jpg,https://wx3.sinaimg.cn/large/001P0DUIgy1hy0l0t15qyj62ez37zx6r02.jpg",,,2025-01-28,moto razr 50 Ultra,10038784,1000000,1000000,,
5126319060289025,Pb2G61dbH,库存真的不多了 ,"https://wx3.sinaimg.cn/large/001P0DUIgy1hxvqpu4qtoj61sc2dsnpe02.jpg,https://wx2.sinaimg.cn/large/001P0DUIgy1hxvqpw58rtj61sc2dsx6p02.jpg,https://wx3.sinaimg.cn/large/001P0DUIgy1hxvqpxmubgj61sc2ds7wi02.jpg,https://wx2.sinaimg.cn/large/001P0DUIgy1hxvqpzbpzxj61sc2dsqv602.jpg",,,2025-01-24,moto razr 50 Ultra,7080549,1000000,1000000,,
5121956434936194,P9dbBkI82,很内向，拍照只比 ,"https://wx2.sinaimg.cn/large/001P0DUIgy1hxhto9hwj7j631r42cu1002.jpg,https://wx1.sinaimg.cn/large/001P0DUIgy1hxhtoeh2n3j61sc2dshdu02.jpg,https://wx1.sinaimg.cn/large/001P0DUIgy1hxhtolr04xj61sc2dsqv602.jpg,https://wx3.sinaimg.cn/large/001P0DUIgy1hxhtogz638j61sc2dsb2a02.jpg,https://wx4.sinaimg.cn/large/001P0DUIgy1hxhtojbru0j61sc2dsu0y02.jpg,https://wx2.sinaimg.cn/large/001P0DUIgy1hxhtobw653j61sc2dse8202.jpg",,,2025-01-12,moto razr 50 Ultra,8673882,1000000,1000000,,
5117996536169672,P7yaFpT0Q,2025第一页已翻开[气运之子]大家元旦快乐呀！ ,"https://wx2.sinaimg.cn/large/001P0DUIgy1hx56vt24lkj61mo268b2a02.jpg,https://wx4.sinaimg.cn/large/001P0DUIgy1hx56vvnpigj61mo268u0x02.jpg,https://wx1.sinaimg.cn/large/001P0DUIgy1hx56w3k0erj61mo268e8202.jpg,https://wx4.sinaimg.cn/large/001P0DUIgy1hx56w7xaolj62681mou0x02.jpg",,,2025-01-01,moto razr 50 Ultra,10196583,1000000,1000000,,
id,bid,正文,原始图片url,视频url,位置,日期,工具,点赞数,评论数,转发数,话题,@用户
5150968207900959,PlnUMx9oP,Biu biu biu～ ,"https://wx2.sinaimg.cn/large/001P0DUIgy1i02dmkdh2pj62c0340kjo02.jpg,https://wx1.sinaimg.cn/large/001P0DUIgy1i02dmpcef2j62c03404qs02.jpg,https://wx4.sinaimg.cn/large/001P0DUIgy1i02dmveow0j62c0340x6s02.jpg,https://wx1.sinaimg.cn/large/001P0DUIgy1i02dn11xf0j62c0340kjo02.jpg",,,2025-04-02,moto razr 50 Ultra,4230275,908988,1000000,,
5147005475881428,PjIPhoG1K,春日下午茶时光 ,"https://wx3.sinaimg.cn/large/001P0DUIgy1hzpqgngjghj65yo3z44qy02.jpg,https://wx2.sinaimg.cn/large/001P0DUIgy1hzpqf192luj65yo3z4u1302.jpg,https://wx1.sinaimg.cn/large/001P0DUIgy1hzpqixnt5ij65yo3z4he302.jpg,https://wx2.sinaimg.cn/large/001P0DUIgy1hzpqh49ajjj63z45yo1l702.jpg,https://wx1.sinaimg.cn/large/001P0DUIgy1hzpqfefkxgj65yo3z4he102.jpg,https://wx4.sinaimg.cn/large/001P0DUIgy1hzpqfxuqq5j65yo3z4b2g02.jpg,https://wx3.sinaimg.cn/large/001P0DUIgy1hzpqhs722pj65yo3z47wq02.jpg,https://wx2.sinaimg.cn/large/001P0DUIgy1hzpqia036sj65yo3z4he502.jpg,https://wx1.sinaimg.cn/large/001P0DUIgy1hzpqegga84j62c0340hdy02.jpg",,,2025-03-22,moto razr 50 Ultra,5343695,1000000,1000000,,
5145863605458679,Pjf7ymU3d,置身繁花中，与@DIOR迪奥 共度美好春日时光～ ,"https://wx1.sinaimg.cn/large/001P0DUIly1hzm3drwsr9j64ec2xkhdw02.jpg,https://wx1.sinaimg.cn/large/001P0DUIly1hzm3dcjbk0j65yo3z4x6x02.jpg,https://wx4.sinaimg.cn/large/001P0DUIly1hzm3desqz8j62ws4d6qv902.jpg,https://wx2.sinaimg.cn/large/001P0DUIly1hzm3dj6sj8j64qa35ju1002.jpg,https://wx3.sinaimg.cn/large/001P0DUIly1hzm3du70gzj64mo3344qs02.jpg,https://wx1.sinaimg.cn/large/001P0DUIly1hzm3dhar9jj64d62wsx6t02.jpg,https://wx4.sinaimg.cn/large/001P0DUIly1hzm3dmj6gbj63z45yokjt02.jpg,https://wx3.sinaimg.cn/large/001P0DUIly1hzm3do24h1j62i03c0u0z02.jpg,https://wx4.sinaimg.cn/large/001P0DUIly1hzm3dpqrnjj641s2p7u0y02.jpg",,,2025-03-19,moto razr 50 Ultra,3878978,1000000,1000000,,DIOR迪奥
5143675223413356,PikbUejY8,很高兴解锁「淳茶舍」大中华区品牌代言人新身份，送上当家冷萃茶！一滴、一滴、超过一万滴，回甘「斗」茶大会开始！#淳茶舍给你一万滴的回甘##迪丽热巴淳茶舍大中华区品牌代言人#淳茶舍官方微博的微博视频 ,,,,2025-03-13,微博视频号,4608999,1000000,1000000,"淳茶舍给你一万滴的回甘,迪丽热巴淳茶舍大中华区品牌代言人",
5141187578824928,PhhtzB1Ly,工作随拍存档 ,"https://wx2.sinaimg.cn/large/001P0DUIgy1hz76cem64sj62de35v1kz02.jpg,https://wx4.sinaimg.cn/large/001P0DUIgy1hz76ciore0j621s2qd1ky02.jpg,https://wx1.sinaimg.cn/large/001P0DUIgy1hz76cll3sej627p2yahdu02.jpg",,,2025-03-06,moto razr 50 Ultra,6015476,1000000,1000000,,
5130242349334606,PcGJYDama,新年收到的礼物，包开心的#DiorDJourney# ,"https://wx2.sinaimg.cn/large/001P0DUIly1hy89azifj8j63b04eou1002.jpg,https://wx2.sinaimg.cn/large/001P0DUIly1hy89b2k2j2j63b04eohdw02.jpg",,,2025-02-04,moto razr 50 Ultra,5294752,1000000,1000000,DiorDJourney,
5129917212133195,Pcyhz8WWn,灵主下班啦～烟火人间，又是新篇#慕胥辞官宣杀青##慕胥辞# ,"https://wx2.sinaimg.cn/large/001P0DUIly1hy77yk3sbdj62dw36j1kz02.jpg,https://wx4.sinaimg.cn/large/001P0DUIly1hy77ylgpkoj625g2v9x6p02.jpg,https://wx2.sinaimg.cn/large/001P0DUIly1hy77yovxv1j62v14ajkjn02.jpg,https://wx1.sinaimg.cn/large/001P0DUIly1hy77yryh99j64tc2pkkjq02.jpg",,,2025-02-03,moto razr 50 Ultra,8008259,1000000,1000000,"慕胥辞官宣杀青,慕胥辞",
5128201212266306,PbPDP9vzk,烟花噼里啪啦，过年嘻嘻哈哈[巳升升]祝大家新的一年红红火火！ ,"https://wx1.sinaimg.cn/large/001P0DUIgy1hy1qv5q2h7j62i03c01l102.jpg,https://wx1.sinaimg.cn/large/001P0DUIgy1hy1qvd11dpj62m83xc4qt02.jpg,https://wx2.sinaimg.cn/large/001P0DUIgy1hy1qviqphfj62m83xchdx02.jpg",,,2025-01-29,moto razr 50 Ultra,10090899,1000000,1000000,,
5127836698150222,PbG9Tycfc,背着我的小福袋来喽祝大家蛇年大吉，巳巳如意[招财进宝] ,"https://wx1.sinaimg.cn/large/001P0DUIgy1hy0l0ayrzqj62ez37zkjn02.jpg,https://wx1.sinaimg.cn/large/001P0DUIgy1hy0l0ex92wj62ez37znpe02.jpg,https://wx2.sinaimg.cn/large/001P0DUIgy1hy0l0i1bz1j62ez37zb2b02.jpg,https://wx4.sinaimg.cn/large/001P0DUIgy1hy0l0lxd57j62ez37ze8402.jpg,https://wx3.sinaimg.cn/large/001P0DUIgy1hy0l0pindmj62ez37z7wk02.jpg,https://wx3.sinaimg.cn/large/001P0DUIgy1hy0l0t15qyj62ez37zx6r02.jpg",,,2025-01-28,moto razr 50 Ultra,10038787,1000000,1000000,,
5126319060289025,Pb2G61dbH,库存真的不多了 ,"https://wx3.sinaimg.cn/large/001P0DUIgy1hxvqpu4qtoj61sc2dsnpe02.jpg,https://wx2.sinaimg.cn/large/001P0DUIgy1hxvqpw58rtj61sc2dsx6p02.jpg,https://wx3.sinaimg.cn/large/001P0DUIgy1hxvqpxmubgj61sc2ds7wi02.jpg,https://wx2.sinaimg.cn/large/001P0DUIgy1hxvqpzbpzxj61sc2dsqv602.jpg",,,2025-01-24,moto razr 50 Ultra,7080552,1000000,1000000,,
5121956434936194,P9dbBkI82,很内向，拍照只比 ,"https://wx2.sinaimg.cn/large/001P0DUIgy1hxhto9hwj7j631r42cu1002.jpg,https://wx1.sinaimg.cn/large/001P0DUIgy1hxhtoeh2n3j61sc2dshdu02.jpg,https://wx1.sinaimg.cn/large/001P0DUIgy1hxhtolr04xj61sc2dsqv602.jpg,https://wx3.sinaimg.cn/large/001P0DUIgy1hxhtogz638j61sc2dsb2a02.jpg,https://wx4.sinaimg.cn/large/001P0DUIgy1hxhtojbru0j61sc2dsu0y02.jpg,https://wx2.sinaimg.cn/large/001P0DUIgy1hxhtobw653j61sc2dse8202.jpg",,,2025-01-12,moto razr 50 Ultra,8673885,1000000,1000000,,
5117996536169672,P7yaFpT0Q,2025第一页已翻开[气运之子]大家元旦快乐呀！ ,"https://wx2.sinaimg.cn/large/001P0DUIgy1hx56vt24lkj61mo268b2a02.jpg,https://wx4.sinaimg.cn/large/001P0DUIgy1hx56vvnpigj61mo268u0x02.jpg,https://wx1.sinaimg.cn/large/001P0DUIgy1hx56w3k0erj61mo268e8202.jpg,https://wx4.sinaimg.cn/large/001P0DUIgy1hx56w7xaolj62681mou0x02.jpg",,,2025-01-01,moto razr 50 Ultra,10196586,1000000,1000000,,
id,bid,正文,原始图片url,视频url,位置,日期,工具,点赞数,评论数,转发数,话题,@用户
5150968207900959,PlnUMx9oP,Biu biu biu～ ,"https://wx2.sinaimg.cn/large/001P0DUIgy1i02dmkdh2pj62c0340kjo02.jpg,https://wx1.sinaimg.cn/large/001P0DUIgy1i02dmpcef2j62c03404qs02.jpg,https://wx4.sinaimg.cn/large/001P0DUIgy1i02dmveow0j62c0340x6s02.jpg,https://wx1.sinaimg.cn/large/001P0DUIgy1i02dn11xf0j62c0340kjo02.jpg",,,2025-04-02,moto razr 50 Ultra,4233866,909964,1000000,,
5147005475881428,PjIPhoG1K,春日下午茶时光 ,"https://wx3.sinaimg.cn/large/001P0DUIgy1hzpqgngjghj65yo3z44qy02.jpg,https://wx2.sinaimg.cn/large/001P0DUIgy1hzpqf192luj65yo3z4u1302.jpg,https://wx1.sinaimg.cn/large/001P0DUIgy1hzpqixnt5ij65yo3z4he302.jpg,https://wx2.sinaimg.cn/large/001P0DUIgy1hzpqh49ajjj63z45yo1l702.jpg,https://wx1.sinaimg.cn/large/001P0DUIgy1hzpqfefkxgj65yo3z4he102.jpg,https://wx4.sinaimg.cn/large/001P0DUIgy1hzpqfxuqq5j65yo3z4b2g02.jpg,https://wx3.sinaimg.cn/large/001P0DUIgy1hzpqhs722pj65yo3z47wq02.jpg,https://wx2.sinaimg.cn/large/001P0DUIgy1hzpqia036sj65yo3z4he502.jpg,https://wx1.sinaimg.cn/large/001P0DUIgy1hzpqegga84j62c0340hdy02.jpg",,,2025-03-22,moto razr 50 Ultra,5343698,1000000,1000000,,
5145863605458679,Pjf7ymU3d,置身繁花中，与@DIOR迪奥 共度美好春日时光～ ,"https://wx1.sinaimg.cn/large/001P0DUIly1hzm3drwsr9j64ec2xkhdw02.jpg,https://wx1.sinaimg.cn/large/001P0DUIly1hzm3dcjbk0j65yo3z4x6x02.jpg,https://wx4.sinaimg.cn/large/001P0DUIly1hzm3desqz8j62ws4d6qv902.jpg,https://wx2.sinaimg.cn/large/001P0DUIly1hzm3dj6sj8j64qa35ju1002.jpg,https://wx3.sinaimg.cn/large/001P0DUIly1hzm3du70gzj64mo3344qs02.jpg,https://wx1.sinaimg.cn/large/001P0DUIly1hzm3dhar9jj64d62wsx6t02.jpg,https://wx4.sinaimg.cn/large/001P0DUIly1hzm3dmj6gbj63z45yokjt02.jpg,https://wx3.sinaimg.cn/large/001P0DUIly1hzm3do24h1j62i03c0u0z02.jpg,https://wx4.sinaimg.cn/large/001P0DUIly1hzm3dpqrnjj641s2p7u0y02.jpg",,,2025-03-19,moto razr 50 Ultra,3878980,1000000,1000000,,DIOR迪奥
5143675223413356,PikbUejY8,很高兴解锁「淳茶舍」大中华区品牌代言人新身份，送上当家冷萃茶！一滴、一滴、超过一万滴，回甘「斗」茶大会开始！#淳茶舍给你一万滴的回甘##迪丽热巴淳茶舍大中华区品牌代言人#淳茶舍官方微博的微博视频 ,,,,2025-03-13,微博视频号,4609001,1000000,1000000,"淳茶舍给你一万滴的回甘,迪丽热巴淳茶舍大中华区品牌代言人",
5141187578824928,PhhtzB1Ly,工作随拍存档 ,"https://wx2.sinaimg.cn/large/001P0DUIgy1hz76cem64sj62de35v1kz02.jpg,https://wx4.sinaimg.cn/large/001P0DUIgy1hz76ciore0j621s2qd1ky02.jpg,https://wx1.sinaimg.cn/large/001P0DUIgy1hz76cll3sej627p2yahdu02.jpg",,,2025-03-06,moto razr 50 Ultra,6015476,1000000,1000000,,
5130242349334606,PcGJYDama,新年收到的礼物，包开心的#DiorDJourney# ,"https://wx2.sinaimg.cn/large/001P0DUIly1hy89azifj8j63b04eou1002.jpg,https://wx2.sinaimg.cn/large/001P0DUIly1hy89b2k2j2j63b04eohdw02.jpg",,,2025-02-04,moto razr 50 Ultra,5294752,1000000,1000000,DiorDJourney,
5129917212133195,Pcyhz8WWn,灵主下班啦～烟火人间，又是新篇#慕胥辞官宣杀青##慕胥辞# ,"https://wx2.sinaimg.cn/large/001P0DUIly1hy77yk3sbdj62dw36j1kz02.jpg,https://wx4.sinaimg.cn/large/001P0DUIly1hy77ylgpkoj625g2v9x6p02.jpg,https://wx2.sinaimg.cn/large/001P0DUIly1hy77yovxv1j62v14ajkjn02.jpg,https://wx1.sinaimg.cn/large/001P0DUIly1hy77yryh99j64tc2pkkjq02.jpg",,,2025-02-03,moto razr 50 Ultra,8008259,1000000,1000000,"慕胥辞官宣杀青,慕胥辞",
5128201212266306,PbPDP9vzk,烟花噼里啪啦，过年嘻嘻哈哈[巳升升]祝大家新的一年红红火火！ ,"https://wx1.sinaimg.cn/large/001P0DUIgy1hy1qv5q2h7j62i03c01l102.jpg,https://wx1.sinaimg.cn/large/001P0DUIgy1hy1qvd11dpj62m83xc4qt02.jpg,https://wx2.sinaimg.cn/large/001P0DUIgy1hy1qviqphfj62m83xchdx02.jpg",,,2025-01-29,moto razr 50 Ultra,10090900,1000000,1000000,,
5127836698150222,PbG9Tycfc,背着我的小福袋来喽祝大家蛇年大吉，巳巳如意[招财进宝] ,"https://wx1.sinaimg.cn/large/001P0DUIgy1hy0l0ayrzqj62ez37zkjn02.jpg,https://wx1.sinaimg.cn/large/001P0DUIgy1hy0l0ex92wj62ez37znpe02.jpg,https://wx2.sinaimg.cn/large/001P0DUIgy1hy0l0i1bz1j62ez37zb2b02.jpg,https://wx4.sinaimg.cn/large/001P0DUIgy1hy0l0lxd57j62ez37ze8402.jpg,https://wx3.sinaimg.cn/large/001P0DUIgy1hy0l0pindmj62ez37z7wk02.jpg,https://wx3.sinaimg.cn/large/001P0DUIgy1hy0l0t15qyj62ez37zx6r02.jpg",,,2025-01-28,moto razr 50 Ultra,10038787,1000000,1000000,,
5126319060289025,Pb2G61dbH,库存真的不多了 ,"https://wx3.sinaimg.cn/large/001P0DUIgy1hxvqpu4qtoj61sc2dsnpe02.jpg,https://wx2.sinaimg.cn/large/001P0DUIgy1hxvqpw58rtj61sc2dsx6p02.jpg,https://wx3.sinaimg.cn/large/001P0DUIgy1hxvqpxmubgj61sc2ds7wi02.jpg,https://wx2.sinaimg.cn/large/001P0DUIgy1hxvqpzbpzxj61sc2dsqv602.jpg",,,2025-01-24,moto razr 50 Ultra,7080552,1000000,1000000,,
5121956434936194,P9dbBkI82,很内向，拍照只比 ,"https://wx2.sinaimg.cn/large/001P0DUIgy1hxhto9hwj7j631r42cu1002.jpg,https://wx1.sinaimg.cn/large/001P0DUIgy1hxhtoeh2n3j61sc2dshdu02.jpg,https://wx1.sinaimg.cn/large/001P0DUIgy1hxhtolr04xj61sc2dsqv602.jpg,https://wx3.sinaimg.cn/large/001P0DUIgy1hxhtogz638j61sc2dsb2a02.jpg,https://wx4.sinaimg.cn/large/001P0DUIgy1hxhtojbru0j61sc2dsu0y02.jpg,https://wx2.sinaimg.cn/large/001P0DUIgy1hxhtobw653j61sc2dse8202.jpg",,,2025-01-12,moto razr 50 Ultra,8673885,1000000,1000000,,
5117996536169672,P7yaFpT0Q,2025第一页已翻开[气运之子]大家元旦快乐呀！ ,"https://wx2.sinaimg.cn/large/001P0DUIgy1hx56vt24lkj61mo268b2a02.jpg,https://wx4.sinaimg.cn/large/001P0DUIgy1hx56vvnpigj61mo268u0x02.jpg,https://wx1.sinaimg.cn/large/001P0DUIgy1hx56w3k0erj61mo268e8202.jpg,https://wx4.sinaimg.cn/large/001P0DUIgy1hx56w7xaolj62681mou0x02.jpg",,,2025-01-01,moto razr 50 Ultra,10196586,1000000,1000000,,
id,bid,正文,原始图片url,视频url,位置,日期,工具,点赞数,评论数,转发数,话题,@用户
5150968207900959,PlnUMx9oP,Biu biu biu～ ,"https://wx2.sinaimg.cn/large/001P0DUIgy1i02dmkdh2pj62c0340kjo02.jpg,https://wx1.sinaimg.cn/large/001P0DUIgy1i02dmpcef2j62c03404qs02.jpg,https://wx4.sinaimg.cn/large/001P0DUIgy1i02dmveow0j62c0340x6s02.jpg,https://wx1.sinaimg.cn/large/001P0DUIgy1i02dn11xf0j62c0340kjo02.jpg",,,2025-04-02,moto razr 50 Ultra,4235361,910433,1000000,,
5147005475881428,PjIPhoG1K,春日下午茶时光 ,"https://wx3.sinaimg.cn/large/001P0DUIgy1hzpqgngjghj65yo3z44qy02.jpg,https://wx2.sinaimg.cn/large/001P0DUIgy1hzpqf192luj65yo3z4u1302.jpg,https://wx1.sinaimg.cn/large/001P0DUIgy1hzpqixnt5ij65yo3z4he302.jpg,https://wx2.sinaimg.cn/large/001P0DUIgy1hzpqh49ajjj63z45yo1l702.jpg,https://wx1.sinaimg.cn/large/001P0DUIgy1hzpqfefkxgj65yo3z4he102.jpg,https://wx4.sinaimg.cn/large/001P0DUIgy1hzpqfxuqq5j65yo3z4b2g02.jpg,https://wx3.sinaimg.cn/large/001P0DUIgy1hzpqhs722pj65yo3z47wq02.jpg,https://wx2.sinaimg.cn/large/001P0DUIgy1hzpqia036sj65yo3z4he502.jpg,https://wx1.sinaimg.cn/large/001P0DUIgy1hzpqegga84j62c0340hdy02.jpg",,,2025-03-22,moto razr 50 Ultra,5343699,1000000,1000000,,
5145863605458679,Pjf7ymU3d,置身繁花中，与@DIOR迪奥 共度美好春日时光～ ,"https://wx1.sinaimg.cn/large/001P0DUIly1hzm3drwsr9j64ec2xkhdw02.jpg,https://wx1.sinaimg.cn/large/001P0DUIly1hzm3dcjbk0j65yo3z4x6x02.jpg,https://wx4.sinaimg.cn/large/001P0DUIly1hzm3desqz8j62ws4d6qv902.jpg,https://wx2.sinaimg.cn/large/001P0DUIly1hzm3dj6sj8j64qa35ju1002.jpg,https://wx3.sinaimg.cn/large/001P0DUIly1hzm3du70gzj64mo3344qs02.jpg,https://wx1.sinaimg.cn/large/001P0DUIly1hzm3dhar9jj64d62wsx6t02.jpg,https://wx4.sinaimg.cn/large/001P0DUIly1hzm3dmj6gbj63z45yokjt02.jpg,https://wx3.sinaimg.cn/large/001P0DUIly1hzm3do24h1j62i03c0u0z02.jpg,https://wx4.sinaimg.cn/large/001P0DUIly1hzm3dpqrnjj641s2p7u0y02.jpg",,,2025-03-19,moto razr 50 Ultra,3878981,1000000,1000000,,DIOR迪奥
5143675223413356,PikbUejY8,很高兴解锁「淳茶舍」大中华区品牌代言人新身份，送上当家冷萃茶！一滴、一滴、超过一万滴，回甘「斗」茶大会开始！#淳茶舍给你一万滴的回甘##迪丽热巴淳茶舍大中华区品牌代言人#淳茶舍官方微博的微博视频 ,,,,2025-03-13,微博视频号,4609001,1000000,1000000,"淳茶舍给你一万滴的回甘,迪丽热巴淳茶舍大中华区品牌代言人",
5141187578824928,PhhtzB1Ly,工作随拍存档 ,"https://wx2.sinaimg.cn/large/001P0DUIgy1hz76cem64sj62de35v1kz02.jpg,https://wx4.sinaimg.cn/large/001P0DUIgy1hz76ciore0j621s2qd1ky02.jpg,https://wx1.sinaimg.cn/large/001P0DUIgy1hz76cll3sej627p2yahdu02.jpg",,,2025-03-06,moto razr 50 Ultra,6015476,1000000,1000000,,
5130242349334606,PcGJYDama,新年收到的礼物，包开心的#DiorDJourney# ,"https://wx2.sinaimg.cn/large/001P0DUIly1hy89azifj8j63b04eou1002.jpg,https://wx2.sinaimg.cn/large/001P0DUIly1hy89b2k2j2j63b04eohdw02.jpg",,,2025-02-04,moto razr 50 Ultra,5294752,1000000,1000000,DiorDJourney,
5129917212133195,Pcyhz8WWn,灵主下班啦～烟火人间，又是新篇#慕胥辞官宣杀青##慕胥辞# ,"https://wx2.sinaimg.cn/large/001P0DUIly1hy77yk3sbdj62dw36j1kz02.jpg,https://wx4.sinaimg.cn/large/001P0DUIly1hy77ylgpkoj625g2v9x6p02.jpg,https://wx2.sinaimg.cn/large/001P0DUIly1hy77yovxv1j62v14ajkjn02.jpg,https://wx1.sinaimg.cn/large/001P0DUIly1hy77yryh99j64tc2pkkjq02.jpg",,,2025-02-03,moto razr 50 Ultra,8008259,1000000,1000000,"慕胥辞官宣杀青,慕胥辞",
5128201212266306,PbPDP9vzk,烟花噼里啪啦，过年嘻嘻哈哈[巳升升]祝大家新的一年红红火火！ ,"https://wx1.sinaimg.cn/large/001P0DUIgy1hy1qv5q2h7j62i03c01l102.jpg,https://wx1.sinaimg.cn/large/001P0DUIgy1hy1qvd11dpj62m83xc4qt02.jpg,https://wx2.sinaimg.cn/large/001P0DUIgy1hy1qviqphfj62m83xchdx02.jpg",,,2025-01-29,moto razr 50 Ultra,10090900,1000000,1000000,,
5127836698150222,PbG9Tycfc,背着我的小福袋来喽祝大家蛇年大吉，巳巳如意[招财进宝] ,"https://wx1.sinaimg.cn/large/001P0DUIgy1hy0l0ayrzqj62ez37zkjn02.jpg,https://wx1.sinaimg.cn/large/001P0DUIgy1hy0l0ex92wj62ez37znpe02.jpg,https://wx2.sinaimg.cn/large/001P0DUIgy1hy0l0i1bz1j62ez37zb2b02.jpg,https://wx4.sinaimg.cn/large/001P0DUIgy1hy0l0lxd57j62ez37ze8402.jpg,https://wx3.sinaimg.cn/large/001P0DUIgy1hy0l0pindmj62ez37z7wk02.jpg,https://wx3.sinaimg.cn/large/001P0DUIgy1hy0l0t15qyj62ez37zx6r02.jpg",,,2025-01-28,moto razr 50 Ultra,10038788,1000000,1000000,,
5126319060289025,Pb2G61dbH,库存真的不多了 ,"https://wx3.sinaimg.cn/large/001P0DUIgy1hxvqpu4qtoj61sc2dsnpe02.jpg,https://wx2.sinaimg.cn/large/001P0DUIgy1hxvqpw58rtj61sc2dsx6p02.jpg,https://wx3.sinaimg.cn/large/001P0DUIgy1hxvqpxmubgj61sc2ds7wi02.jpg,https://wx2.sinaimg.cn/large/001P0DUIgy1hxvqpzbpzxj61sc2dsqv602.jpg",,,2025-01-24,moto razr 50 Ultra,7080552,1000000,1000000,,
5121956434936194,P9dbBkI82,很内向，拍照只比 ,"https://wx2.sinaimg.cn/large/001P0DUIgy1hxhto9hwj7j631r42cu1002.jpg,https://wx1.sinaimg.cn/large/001P0DUIgy1hxhtoeh2n3j61sc2dshdu02.jpg,https://wx1.sinaimg.cn/large/001P0DUIgy1hxhtolr04xj61sc2dsqv602.jpg,https://wx3.sinaimg.cn/large/001P0DUIgy1hxhtogz638j61sc2dsb2a02.jpg,https://wx4.sinaimg.cn/large/001P0DUIgy1hxhtojbru0j61sc2dsu0y02.jpg,https://wx2.sinaimg.cn/large/001P0DUIgy1hxhtobw653j61sc2dse8202.jpg",,,2025-01-12,moto razr 50 Ultra,8673885,1000000,1000000,,
5117996536169672,P7yaFpT0Q,2025第一页已翻开[气运之子]大家元旦快乐呀！ ,"https://wx2.sinaimg.cn/large/001P0DUIgy1hx56vt24lkj61mo268b2a02.jpg,https://wx4.sinaimg.cn/large/001P0DUIgy1hx56vvnpigj61mo268u0x02.jpg,https://wx1.sinaimg.cn/large/001P0DUIgy1hx56w3k0erj61mo268e8202.jpg,https://wx4.sinaimg.cn/large/001P0DUIgy1hx56w7xaolj62681mou0x02.jpg",,,2025-01-01,moto razr 50 Ultra,10196587,1000000,1000000,,
id,bid,正文,原始图片url,视频url,位置,日期,工具,点赞数,评论数,转发数,话题,@用户
5150968207900959,PlnUMx9oP,Biu biu biu～ ,"https://wx2.sinaimg.cn/large/001P0DUIgy1i02dmkdh2pj62c0340kjo02.jpg,https://wx1.sinaimg.cn/large/001P0DUIgy1i02dmpcef2j62c03404qs02.jpg,https://wx4.sinaimg.cn/large/001P0DUIgy1i02dmveow0j62c0340x6s02.jpg,https://wx1.sinaimg.cn/large/001P0DUIgy1i02dn11xf0j62c0340kjo02.jpg",,,2025-04-02,moto razr 50 Ultra,4235436,910763,1000000,,
5147005475881428,PjIPhoG1K,春日下午茶时光 ,"https://wx3.sinaimg.cn/large/001P0DUIgy1hzpqgngjghj65yo3z44qy02.jpg,https://wx2.sinaimg.cn/large/001P0DUIgy1hzpqf192luj65yo3z4u1302.jpg,https://wx1.sinaimg.cn/large/001P0DUIgy1hzpqixnt5ij65yo3z4he302.jpg,https://wx2.sinaimg.cn/large/001P0DUIgy1hzpqh49ajjj63z45yo1l702.jpg,https://wx1.sinaimg.cn/large/001P0DUIgy1hzpqfefkxgj65yo3z4he102.jpg,https://wx4.sinaimg.cn/large/001P0DUIgy1hzpqfxuqq5j65yo3z4b2g02.jpg,https://wx3.sinaimg.cn/large/001P0DUIgy1hzpqhs722pj65yo3z47wq02.jpg,https://wx2.sinaimg.cn/large/001P0DUIgy1hzpqia036sj65yo3z4he502.jpg,https://wx1.sinaimg.cn/large/001P0DUIgy1hzpqegga84j62c0340hdy02.jpg",,,2025-03-22,moto razr 50 Ultra,5343700,1000000,1000000,,
5145863605458679,Pjf7ymU3d,置身繁花中，与@DIOR迪奥 共度美好春日时光～ ,"https://wx1.sinaimg.cn/large/001P0DUIly1hzm3drwsr9j64ec2xkhdw02.jpg,https://wx1.sinaimg.cn/large/001P0DUIly1hzm3dcjbk0j65yo3z4x6x02.jpg,https://wx4.sinaimg.cn/large/001P0DUIly1hzm3desqz8j62ws4d6qv902.jpg,https://wx2.sinaimg.cn/large/001P0DUIly1hzm3dj6sj8j64qa35ju1002.jpg,https://wx3.sinaimg.cn/large/001P0DUIly1hzm3du70gzj64mo3344qs02.jpg,https://wx1.sinaimg.cn/large/001P0DUIly1hzm3dhar9jj64d62wsx6t02.jpg,https://wx4.sinaimg.cn/large/001P0DUIly1hzm3dmj6gbj63z45yokjt02.jpg,https://wx3.sinaimg.cn/large/001P0DUIly1hzm3do24h1j62i03c0u0z02.jpg,https://wx4.sinaimg.cn/large/001P0DUIly1hzm3dpqrnjj641s2p7u0y02.jpg",,,2025-03-19,moto razr 50 Ultra,3878981,1000000,1000000,,DIOR迪奥
5143675223413356,PikbUejY8,很高兴解锁「淳茶舍」大中华区品牌代言人新身份，送上当家冷萃茶！一滴、一滴、超过一万滴，回甘「斗」茶大会开始！#淳茶舍给你一万滴的回甘##迪丽热巴淳茶舍大中华区品牌代言人#淳茶舍官方微博的微博视频 ,,,,2025-03-13,微博视频号,4609001,1000000,1000000,"淳茶舍给你一万滴的回甘,迪丽热巴淳茶舍大中华区品牌代言人",
5141187578824928,PhhtzB1Ly,工作随拍存档 ,"https://wx2.sinaimg.cn/large/001P0DUIgy1hz76cem64sj62de35v1kz02.jpg,https://wx4.sinaimg.cn/large/001P0DUIgy1hz76ciore0j621s2qd1ky02.jpg,https://wx1.sinaimg.cn/large/001P0DUIgy1hz76cll3sej627p2yahdu02.jpg",,,2025-03-06,moto razr 50 Ultra,6015476,1000000,1000000,,
5130242349334606,PcGJYDama,新年收到的礼物，包开心的#DiorDJourney# ,"https://wx2.sinaimg.cn/large/001P0DUIly1hy89azifj8j63b04eou1002.jpg,https://wx2.sinaimg.cn/large/001P0DUIly1hy89b2k2j2j63b04eohdw02.jpg",,,2025-02-04,moto razr 50 Ultra,5294752,1000000,1000000,DiorDJourney,
5129917212133195,Pcyhz8WWn,灵主下班啦～烟火人间，又是新篇#慕胥辞官宣杀青##慕胥辞# ,"https://wx2.sinaimg.cn/large/001P0DUIly1hy77yk3sbdj62dw36j1kz02.jpg,https://wx4.sinaimg.cn/large/001P0DUIly1hy77ylgpkoj625g2v9x6p02.jpg,https://wx2.sinaimg.cn/large/001P0DUIly1hy77yovxv1j62v14ajkjn02.jpg,https://wx1.sinaimg.cn/large/001P0DUIly1hy77yryh99j64tc2pkkjq02.jpg",,,2025-02-03,moto razr 50 Ultra,8008259,1000000,1000000,"慕胥辞官宣杀青,慕胥辞",
5128201212266306,PbPDP9vzk,烟花噼里啪啦，过年嘻嘻哈哈[巳升升]祝大家新的一年红红火火！ ,"https://wx1.sinaimg.cn/large/001P0DUIgy1hy1qv5q2h7j62i03c01l102.jpg,https://wx1.sinaimg.cn/large/001P0DUIgy1hy1qvd11dpj62m83xc4qt02.jpg,https://wx2.sinaimg.cn/large/001P0DUIgy1hy1qviqphfj62m83xchdx02.jpg",,,2025-01-29,moto razr 50 Ultra,10090900,1000000,1000000,,
5127836698150222,PbG9Tycfc,背着我的小福袋来喽祝大家蛇年大吉，巳巳如意[招财进宝] ,"https://wx1.sinaimg.cn/large/001P0DUIgy1hy0l0ayrzqj62ez37zkjn02.jpg,https://wx1.sinaimg.cn/large/001P0DUIgy1hy0l0ex92wj62ez37znpe02.jpg,https://wx2.sinaimg.cn/large/001P0DUIgy1hy0l0i1bz1j62ez37zb2b02.jpg,https://wx4.sinaimg.cn/large/001P0DUIgy1hy0l0lxd57j62ez37ze8402.jpg,https://wx3.sinaimg.cn/large/001P0DUIgy1hy0l0pindmj62ez37z7wk02.jpg,https://wx3.sinaimg.cn/large/001P0DUIgy1hy0l0t15qyj62ez37zx6r02.jpg",,,2025-01-28,moto razr 50 Ultra,10038788,1000000,1000000,,
5126319060289025,Pb2G61dbH,库存真的不多了 ,"https://wx3.sinaimg.cn/large/001P0DUIgy1hxvqpu4qtoj61sc2dsnpe02.jpg,https://wx2.sinaimg.cn/large/001P0DUIgy1hxvqpw58rtj61sc2dsx6p02.jpg,https://wx3.sinaimg.cn/large/001P0DUIgy1hxvqpxmubgj61sc2ds7wi02.jpg,https://wx2.sinaimg.cn/large/001P0DUIgy1hxvqpzbpzxj61sc2dsqv602.jpg",,,2025-01-24,moto razr 50 Ultra,7080552,1000000,1000000,,
5121956434936194,P9dbBkI82,很内向，拍照只比 ,"https://wx2.sinaimg.cn/large/001P0DUIgy1hxhto9hwj7j631r42cu1002.jpg,https://wx1.sinaimg.cn/large/001P0DUIgy1hxhtoeh2n3j61sc2dshdu02.jpg,https://wx1.sinaimg.cn/large/001P0DUIgy1hxhtolr04xj61sc2dsqv602.jpg,https://wx3.sinaimg.cn/large/001P0DUIgy1hxhtogz638j61sc2dsb2a02.jpg,https://wx4.sinaimg.cn/large/001P0DUIgy1hxhtojbru0j61sc2dsu0y02.jpg,https://wx2.sinaimg.cn/large/001P0DUIgy1hxhtobw653j61sc2dse8202.jpg",,,2025-01-12,moto razr 50 Ultra,8673885,1000000,1000000,,
5117996536169672,P7yaFpT0Q,2025第一页已翻开[气运之子]大家元旦快乐呀！ ,"https://wx2.sinaimg.cn/large/001P0DUIgy1hx56vt24lkj61mo268b2a02.jpg,https://wx4.sinaimg.cn/large/001P0DUIgy1hx56vvnpigj61mo268u0x02.jpg,https://wx1.sinaimg.cn/large/001P0DUIgy1hx56w3k0erj61mo268e8202.jpg,https://wx4.sinaimg.cn/large/001P0DUIgy1hx56w7xaolj62681mou0x02.jpg",,,2025-01-01,moto razr 50 Ultra,10196587,1000000,1000000,,
id,bid,正文,原始图片url,视频url,位置,日期,工具,点赞数,评论数,转发数,话题,@用户
5150968207900959,PlnUMx9oP,Biu biu biu～ ,"https://wx2.sinaimg.cn/large/001P0DUIgy1i02dmkdh2pj62c0340kjo02.jpg,https://wx1.sinaimg.cn/large/001P0DUIgy1i02dmpcef2j62c03404qs02.jpg,https://wx4.sinaimg.cn/large/001P0DUIgy1i02dmveow0j62c0340x6s02.jpg,https://wx1.sinaimg.cn/large/001P0DUIgy1i02dn11xf0j62c0340kjo02.jpg",,,2025-04-02,moto razr 50 Ultra,4691724,1000000,1000000,,
5147005475881428,PjIPhoG1K,春日下午茶时光 ,"https://wx3.sinaimg.cn/large/001P0DUIgy1hzpqgngjghj65yo3z44qy02.jpg,https://wx2.sinaimg.cn/large/001P0DUIgy1hzpqf192luj65yo3z4u1302.jpg,https://wx1.sinaimg.cn/large/001P0DUIgy1hzpqixnt5ij65yo3z4he302.jpg,https://wx2.sinaimg.cn/large/001P0DUIgy1hzpqh49ajjj63z45yo1l702.jpg,https://wx1.sinaimg.cn/large/001P0DUIgy1hzpqfefkxgj65yo3z4he102.jpg,https://wx4.sinaimg.cn/large/001P0DUIgy1hzpqfxuqq5j65yo3z4b2g02.jpg,https://wx3.sinaimg.cn/large/001P0DUIgy1hzpqhs722pj65yo3z47wq02.jpg,https://wx2.sinaimg.cn/large/001P0DUIgy1hzpqia036sj65yo3z4he502.jpg,https://wx1.sinaimg.cn/large/001P0DUIgy1hzpqegga84j62c0340hdy02.jpg",,,2025-03-22,moto razr 50 Ultra,5348282,1000000,1000000,,
5145863605458679,Pjf7ymU3d,置身繁花中，与@DIOR迪奥 共度美好春日时光～ ,"https://wx1.sinaimg.cn/large/001P0DUIly1hzm3drwsr9j64ec2xkhdw02.jpg,https://wx1.sinaimg.cn/large/001P0DUIly1hzm3dcjbk0j65yo3z4x6x02.jpg,https://wx4.sinaimg.cn/large/001P0DUIly1hzm3desqz8j62ws4d6qv902.jpg,https://wx2.sinaimg.cn/large/001P0DUIly1hzm3dj6sj8j64qa35ju1002.jpg,https://wx3.sinaimg.cn/large/001P0DUIly1hzm3du70gzj64mo3344qs02.jpg,https://wx1.sinaimg.cn/large/001P0DUIly1hzm3dhar9jj64d62wsx6t02.jpg,https://wx4.sinaimg.cn/large/001P0DUIly1hzm3dmj6gbj63z45yokjt02.jpg,https://wx3.sinaimg.cn/large/001P0DUIly1hzm3do24h1j62i03c0u0z02.jpg,https://wx4.sinaimg.cn/large/001P0DUIly1hzm3dpqrnjj641s2p7u0y02.jpg",,,2025-03-19,moto razr 50 Ultra,4084124,1000000,1000000,,DIOR迪奥
5143675223413356,PikbUejY8,很高兴解锁「淳茶舍」大中华区品牌代言人新身份，送上当家冷萃茶！一滴、一滴、超过一万滴，回甘「斗」茶大会开始！#淳茶舍给你一万滴的回甘##迪丽热巴淳茶舍大中华区品牌代言人#淳茶舍官方微博的微博视频 ,,,,2025-03-13,微博视频号,4610431,1000000,1000000,"淳茶舍给你一万滴的回甘,迪丽热巴淳茶舍大中华区品牌代言人",
5141187578824928,PhhtzB1Ly,工作随拍存档 ,"https://wx2.sinaimg.cn/large/001P0DUIgy1hz76cem64sj62de35v1kz02.jpg,https://wx4.sinaimg.cn/large/001P0DUIgy1hz76ciore0j621s2qd1ky02.jpg,https://wx1.sinaimg.cn/large/001P0DUIgy1hz76cll3sej627p2yahdu02.jpg",,,2025-03-06,moto razr 50 Ultra,6017280,1000000,1000000,,
5130242349334606,PcGJYDama,新年收到的礼物，包开心的#DiorDJourney# ,"https://wx2.sinaimg.cn/large/001P0DUIly1hy89azifj8j63b04eou1002.jpg,https://wx2.sinaimg.cn/large/001P0DUIly1hy89b2k2j2j63b04eohdw02.jpg",,,2025-02-04,moto razr 50 Ultra,5295523,1000000,1000000,DiorDJourney,
5129917212133195,Pcyhz8WWn,灵主下班啦～烟火人间，又是新篇#慕胥辞官宣杀青##慕胥辞# ,"https://wx2.sinaimg.cn/large/001P0DUIly1hy77yk3sbdj62dw36j1kz02.jpg,https://wx4.sinaimg.cn/large/001P0DUIly1hy77ylgpkoj625g2v9x6p02.jpg,https://wx2.sinaimg.cn/large/001P0DUIly1hy77yovxv1j62v14ajkjn02.jpg,https://wx1.sinaimg.cn/large/001P0DUIly1hy77yryh99j64tc2pkkjq02.jpg",,,2025-02-03,moto razr 50 Ultra,8009449,1000000,1000000,"慕胥辞官宣杀青,慕胥辞",
5128201212266306,PbPDP9vzk,烟花噼里啪啦，过年嘻嘻哈哈[巳升升]祝大家新的一年红红火火！ ,"https://wx1.sinaimg.cn/large/001P0DUIgy1hy1qv5q2h7j62i03c01l102.jpg,https://wx1.sinaimg.cn/large/001P0DUIgy1hy1qvd11dpj62m83xc4qt02.jpg,https://wx2.sinaimg.cn/large/001P0DUIgy1hy1qviqphfj62m83xchdx02.jpg",,,2025-01-29,moto razr 50 Ultra,10091568,1000000,1000000,,
5127836698150222,PbG9Tycfc,背着我的小福袋来喽祝大家蛇年大吉，巳巳如意[招财进宝] ,"https://wx1.sinaimg.cn/large/001P0DUIgy1hy0l0ayrzqj62ez37zkjn02.jpg,https://wx1.sinaimg.cn/large/001P0DUIgy1hy0l0ex92wj62ez37znpe02.jpg,https://wx2.sinaimg.cn/large/001P0DUIgy1hy0l0i1bz1j62ez37zb2b02.jpg,https://wx4.sinaimg.cn/large/001P0DUIgy1hy0l0lxd57j62ez37ze8402.jpg,https://wx3.sinaimg.cn/large/001P0DUIgy1hy0l0pindmj62ez37z7wk02.jpg,https://wx3.sinaimg.cn/large/001P0DUIgy1hy0l0t15qyj62ez37zx6r02.jpg",,,2025-01-28,moto razr 50 Ultra,10039223,1000000,1000000,,
5126319060289025,Pb2G61dbH,库存真的不多了 ,"https://wx3.sinaimg.cn/large/001P0DUIgy1hxvqpu4qtoj61sc2dsnpe02.jpg,https://wx2.sinaimg.cn/large/001P0DUIgy1hxvqpw58rtj61sc2dsx6p02.jpg,https://wx3.sinaimg.cn/large/001P0DUIgy1hxvqpxmubgj61sc2ds7wi02.jpg,https://wx2.sinaimg.cn/large/001P0DUIgy1hxvqpzbpzxj61sc2dsqv602.jpg",,,2025-01-24,moto razr 50 Ultra,7081172,1000000,1000000,,
5121956434936194,P9dbBkI82,很内向，拍照只比 ,"https://wx2.sinaimg.cn/large/001P0DUIgy1hxhto9hwj7j631r42cu1002.jpg,https://wx1.sinaimg.cn/large/001P0DUIgy1hxhtoeh2n3j61sc2dshdu02.jpg,https://wx1.sinaimg.cn/large/001P0DUIgy1hxhtolr04xj61sc2dsqv602.jpg,https://wx3.sinaimg.cn/large/001P0DUIgy1hxhtogz638j61sc2dsb2a02.jpg,https://wx4.sinaimg.cn/large/001P0DUIgy1hxhtojbru0j61sc2dsu0y02.jpg,https://wx2.sinaimg.cn/large/001P0DUIgy1hxhtobw653j61sc2dse8202.jpg",,,2025-01-12,moto razr 50 Ultra,8844872,1000000,1000000,,
5117996536169672,P7yaFpT0Q,2025第一页已翻开[气运之子]大家元旦快乐呀！ ,"https://wx2.sinaimg.cn/large/001P0DUIgy1hx56vt24lkj61mo268b2a02.jpg,https://wx4.sinaimg.cn/large/001P0DUIgy1hx56vvnpigj61mo268u0x02.jpg,https://wx1.sinaimg.cn/large/001P0DUIgy1hx56w3k0erj61mo268e8202.jpg,https://wx4.sinaimg.cn/large/001P0DUIgy1hx56w7xaolj62681mou0x02.jpg",,,2025-01-01,moto razr 50 Ultra,10196906,1000000,1000000,,
id,bid,正文,原始图片url,视频url,位置,日期,工具,点赞数,评论数,转发数,话题,@用户
5150968207900959,PlnUMx9oP,Biu biu biu～ ,"https://wx2.sinaimg.cn/large/001P0DUIgy1i02dmkdh2pj62c0340kjo02.jpg,https://wx1.sinaimg.cn/large/001P0DUIgy1i02dmpcef2j62c03404qs02.jpg,https://wx4.sinaimg.cn/large/001P0DUIgy1i02dmveow0j62c0340x6s02.jpg,https://wx1.sinaimg.cn/large/001P0DUIgy1i02dn11xf0j62c0340kjo02.jpg",,,2025-04-02,moto razr 50 Ultra,4692173,1000000,1000000,,
5147005475881428,PjIPhoG1K,春日下午茶时光 ,"https://wx3.sinaimg.cn/large/001P0DUIgy1hzpqgngjghj65yo3z44qy02.jpg,https://wx2.sinaimg.cn/large/001P0DUIgy1hzpqf192luj65yo3z4u1302.jpg,https://wx1.sinaimg.cn/large/001P0DUIgy1hzpqixnt5ij65yo3z4he302.jpg,https://wx2.sinaimg.cn/large/001P0DUIgy1hzpqh49ajjj63z45yo1l702.jpg,https://wx1.sinaimg.cn/large/001P0DUIgy1hzpqfefkxgj65yo3z4he102.jpg,https://wx4.sinaimg.cn/large/001P0DUIgy1hzpqfxuqq5j65yo3z4b2g02.jpg,https://wx3.sinaimg.cn/large/001P0DUIgy1hzpqhs722pj65yo3z47wq02.jpg,https://wx2.sinaimg.cn/large/001P0DUIgy1hzpqia036sj65yo3z4he502.jpg,https://wx1.sinaimg.cn/large/001P0DUIgy1hzpqegga84j62c0340hdy02.jpg",,,2025-03-22,moto razr 50 Ultra,5348308,1000000,1000000,,
5145863605458679,Pjf7ymU3d,置身繁花中，与@DIOR迪奥 共度美好春日时光～ ,"https://wx1.sinaimg.cn/large/001P0DUIly1hzm3drwsr9j64ec2xkhdw02.jpg,https://wx1.sinaimg.cn/large/001P0DUIly1hzm3dcjbk0j65yo3z4x6x02.jpg,https://wx4.sinaimg.cn/large/001P0DUIly1hzm3desqz8j62ws4d6qv902.jpg,https://wx2.sinaimg.cn/large/001P0DUIly1hzm3dj6sj8j64qa35ju1002.jpg,https://wx3.sinaimg.cn/large/001P0DUIly1hzm3du70gzj64mo3344qs02.jpg,https://wx1.sinaimg.cn/large/001P0DUIly1hzm3dhar9jj64d62wsx6t02.jpg,https://wx4.sinaimg.cn/large/001P0DUIly1hzm3dmj6gbj63z45yokjt02.jpg,https://wx3.sinaimg.cn/large/001P0DUIly1hzm3do24h1j62i03c0u0z02.jpg,https://wx4.sinaimg.cn/large/001P0DUIly1hzm3dpqrnjj641s2p7u0y02.jpg",,,2025-03-19,moto razr 50 Ultra,4088067,1000000,1000000,,DIOR迪奥
5143675223413356,PikbUejY8,很高兴解锁「淳茶舍」大中华区品牌代言人新身份，送上当家冷萃茶！一滴、一滴、超过一万滴，回甘「斗」茶大会开始！#淳茶舍给你一万滴的回甘##迪丽热巴淳茶舍大中华区品牌代言人#淳茶舍官方微博的微博视频 ,,,,2025-03-13,微博视频号,4610438,1000000,1000000,"淳茶舍给你一万滴的回甘,迪丽热巴淳茶舍大中华区品牌代言人",
5141187578824928,PhhtzB1Ly,工作随拍存档 ,"https://wx2.sinaimg.cn/large/001P0DUIgy1hz76cem64sj62de35v1kz02.jpg,https://wx4.sinaimg.cn/large/001P0DUIgy1hz76ciore0j621s2qd1ky02.jpg,https://wx1.sinaimg.cn/large/001P0DUIgy1hz76cll3sej627p2yahdu02.jpg",,,2025-03-06,moto razr 50 Ultra,6017293,1000000,1000000,,
5130242349334606,PcGJYDama,新年收到的礼物，包开心的#DiorDJourney# ,"https://wx2.sinaimg.cn/large/001P0DUIly1hy89azifj8j63b04eou1002.jpg,https://wx2.sinaimg.cn/large/001P0DUIly1hy89b2k2j2j63b04eohdw02.jpg",,,2025-02-04,moto razr 50 Ultra,5295526,1000000,1000000,DiorDJourney,
5129917212133195,Pcyhz8WWn,灵主下班啦～烟火人间，又是新篇#慕胥辞官宣杀青##慕胥辞# ,"https://wx2.sinaimg.cn/large/001P0DUIly1hy77yk3sbdj62dw36j1kz02.jpg,https://wx4.sinaimg.cn/large/001P0DUIly1hy77ylgpkoj625g2v9x6p02.jpg,https://wx2.sinaimg.cn/large/001P0DUIly1hy77yovxv1j62v14ajkjn02.jpg,https://wx1.sinaimg.cn/large/001P0DUIly1hy77yryh99j64tc2pkkjq02.jpg",,,2025-02-03,moto razr 50 Ultra,8009455,1000000,1000000,"慕胥辞官宣杀青,慕胥辞",
5128201212266306,PbPDP9vzk,烟花噼里啪啦，过年嘻嘻哈哈[巳升升]祝大家新的一年红红火火！ ,"https://wx1.sinaimg.cn/large/001P0DUIgy1hy1qv5q2h7j62i03c01l102.jpg,https://wx1.sinaimg.cn/large/001P0DUIgy1hy1qvd11dpj62m83xc4qt02.jpg,https://wx2.sinaimg.cn/large/001P0DUIgy1hy1qviqphfj62m83xchdx02.jpg",,,2025-01-29,moto razr 50 Ultra,10091570,1000000,1000000,,
5127836698150222,PbG9Tycfc,背着我的小福袋来喽祝大家蛇年大吉，巳巳如意[招财进宝] ,"https://wx1.sinaimg.cn/large/001P0DUIgy1hy0l0ayrzqj62ez37zkjn02.jpg,https://wx1.sinaimg.cn/large/001P0DUIgy1hy0l0ex92wj62ez37znpe02.jpg,https://wx2.sinaimg.cn/large/001P0DUIgy1hy0l0i1bz1j62ez37zb2b02.jpg,https://wx4.sinaimg.cn/large/001P0DUIgy1hy0l0lxd57j62ez37ze8402.jpg,https://wx3.sinaimg.cn/large/001P0DUIgy1hy0l0pindmj62ez37z7wk02.jpg,https://wx3.sinaimg.cn/large/001P0DUIgy1hy0l0t15qyj62ez37zx6r02.jpg",,,2025-01-28,moto razr 50 Ultra,10039226,1000000,1000000,,
5126319060289025,Pb2G61dbH,库存真的不多了 ,"https://wx3.sinaimg.cn/large/001P0DUIgy1hxvqpu4qtoj61sc2dsnpe02.jpg,https://wx2.sinaimg.cn/large/001P0DUIgy1hxvqpw58rtj61sc2dsx6p02.jpg,https://wx3.sinaimg.cn/large/001P0DUIgy1hxvqpxmubgj61sc2ds7wi02.jpg,https://wx2.sinaimg.cn/large/001P0DUIgy1hxvqpzbpzxj61sc2dsqv602.jpg",,,2025-01-24,moto razr 50 Ultra,7081174,1000000,1000000,,
5121956434936194,P9dbBkI82,很内向，拍照只比 ,"https://wx2.sinaimg.cn/large/001P0DUIgy1hxhto9hwj7j631r42cu1002.jpg,https://wx1.sinaimg.cn/large/001P0DUIgy1hxhtoeh2n3j61sc2dshdu02.jpg,https://wx1.sinaimg.cn/large/001P0DUIgy1hxhtolr04xj61sc2dsqv602.jpg,https://wx3.sinaimg.cn/large/001P0DUIgy1hxhtogz638j61sc2dsb2a02.jpg,https://wx4.sinaimg.cn/large/001P0DUIgy1hxhtojbru0j61sc2dsu0y02.jpg,https://wx2.sinaimg.cn/large/001P0DUIgy1hxhtobw653j61sc2dse8202.jpg",,,2025-01-12,moto razr 50 Ultra,8844932,1000000,1000000,,
5117996536169672,P7yaFpT0Q,2025第一页已翻开[气运之子]大家元旦快乐呀！ ,"https://wx2.sinaimg.cn/large/001P0DUIgy1hx56vt24lkj61mo268b2a02.jpg,https://wx4.sinaimg.cn/large/001P0DUIgy1hx56vvnpigj61mo268u0x02.jpg,https://wx1.sinaimg.cn/large/001P0DUIgy1hx56w3k0erj61mo268e8202.jpg,https://wx4.sinaimg.cn/large/001P0DUIgy1hx56w7xaolj62681mou0x02.jpg",,,2025-01-01,moto razr 50 Ultra,10196907,1000000,1000000,,
id,bid,正文,原始图片url,视频url,位置,日期,工具,点赞数,评论数,转发数,话题,@用户
5150968207900959,PlnUMx9oP,Biu biu biu～ ,"https://wx2.sinaimg.cn/large/001P0DUIgy1i02dmkdh2pj62c0340kjo02.jpg,https://wx1.sinaimg.cn/large/001P0DUIgy1i02dmpcef2j62c03404qs02.jpg,https://wx4.sinaimg.cn/large/001P0DUIgy1i02dmveow0j62c0340x6s02.jpg,https://wx1.sinaimg.cn/large/001P0DUIgy1i02dn11xf0j62c0340kjo02.jpg",,,2025-04-02,moto razr 50 Ultra,4692350,1000000,1000000,,
5147005475881428,PjIPhoG1K,春日下午茶时光 ,"https://wx3.sinaimg.cn/large/001P0DUIgy1hzpqgngjghj65yo3z44qy02.jpg,https://wx2.sinaimg.cn/large/001P0DUIgy1hzpqf192luj65yo3z4u1302.jpg,https://wx1.sinaimg.cn/large/001P0DUIgy1hzpqixnt5ij65yo3z4he302.jpg,https://wx2.sinaimg.cn/large/001P0DUIgy1hzpqh49ajjj63z45yo1l702.jpg,https://wx1.sinaimg.cn/large/001P0DUIgy1hzpqfefkxgj65yo3z4he102.jpg,https://wx4.sinaimg.cn/large/001P0DUIgy1hzpqfxuqq5j65yo3z4b2g02.jpg,https://wx3.sinaimg.cn/large/001P0DUIgy1hzpqhs722pj65yo3z47wq02.jpg,https://wx2.sinaimg.cn/large/001P0DUIgy1hzpqia036sj65yo3z4he502.jpg,https://wx1.sinaimg.cn/large/001P0DUIgy1hzpqegga84j62c0340hdy02.jpg",,,2025-03-22,moto razr 50 Ultra,5348343,1000000,1000000,,
5145863605458679,Pjf7ymU3d,置身繁花中，与@DIOR迪奥 共度美好春日时光～ ,"https://wx1.sinaimg.cn/large/001P0DUIly1hzm3drwsr9j64ec2xkhdw02.jpg,https://wx1.sinaimg.cn/large/001P0DUIly1hzm3dcjbk0j65yo3z4x6x02.jpg,https://wx4.sinaimg.cn/large/001P0DUIly1hzm3desqz8j62ws4d6qv902.jpg,https://wx2.sinaimg.cn/large/001P0DUIly1hzm3dj6sj8j64qa35ju1002.jpg,https://wx3.sinaimg.cn/large/001P0DUIly1hzm3du70gzj64mo3344qs02.jpg,https://wx1.sinaimg.cn/large/001P0DUIly1hzm3dhar9jj64d62wsx6t02.jpg,https://wx4.sinaimg.cn/large/001P0DUIly1hzm3dmj6gbj63z45yokjt02.jpg,https://wx3.sinaimg.cn/large/001P0DUIly1hzm3do24h1j62i03c0u0z02.jpg,https://wx4.sinaimg.cn/large/001P0DUIly1hzm3dpqrnjj641s2p7u0y02.jpg",,,2025-03-19,moto razr 50 Ultra,4088120,1000000,1000000,,DIOR迪奥
5143675223413356,PikbUejY8,很高兴解锁「淳茶舍」大中华区品牌代言人新身份，送上当家冷萃茶！一滴、一滴、超过一万滴，回甘「斗」茶大会开始！#淳茶舍给你一万滴的回甘##迪丽热巴淳茶舍大中华区品牌代言人#淳茶舍官方微博的微博视频 ,,,,2025-03-13,微博视频号,4610439,1000000,1000000,"淳茶舍给你一万滴的回甘,迪丽热巴淳茶舍大中华区品牌代言人",
5141187578824928,PhhtzB1Ly,工作随拍存档 ,"https://wx2.sinaimg.cn/large/001P0DUIgy1hz76cem64sj62de35v1kz02.jpg,https://wx4.sinaimg.cn/large/001P0DUIgy1hz76ciore0j621s2qd1ky02.jpg,https://wx1.sinaimg.cn/large/001P0DUIgy1hz76cll3sej627p2yahdu02.jpg",,,2025-03-06,moto razr 50 Ultra,6017293,1000000,1000000,,
5130242349334606,PcGJYDama,新年收到的礼物，包开心的#DiorDJourney# ,"https://wx2.sinaimg.cn/large/001P0DUIly1hy89azifj8j63b04eou1002.jpg,https://wx2.sinaimg.cn/large/001P0DUIly1hy89b2k2j2j63b04eohdw02.jpg",,,2025-02-04,moto razr 50 Ultra,5295527,1000000,1000000,DiorDJourney,
5129917212133195,Pcyhz8WWn,灵主下班啦～烟火人间，又是新篇#慕胥辞官宣杀青##慕胥辞# ,"https://wx2.sinaimg.cn/large/001P0DUIly1hy77yk3sbdj62dw36j1kz02.jpg,https://wx4.sinaimg.cn/large/001P0DUIly1hy77ylgpkoj625g2v9x6p02.jpg,https://wx2.sinaimg.cn/large/001P0DUIly1hy77yovxv1j62v14ajkjn02.jpg,https://wx1.sinaimg.cn/large/001P0DUIly1hy77yryh99j64tc2pkkjq02.jpg",,,2025-02-03,moto razr 50 Ultra,8009477,1000000,1000000,"慕胥辞官宣杀青,慕胥辞",
5128201212266306,PbPDP9vzk,烟花噼里啪啦，过年嘻嘻哈哈[巳升升]祝大家新的一年红红火火！ ,"https://wx1.sinaimg.cn/large/001P0DUIgy1hy1qv5q2h7j62i03c01l102.jpg,https://wx1.sinaimg.cn/large/001P0DUIgy1hy1qvd11dpj62m83xc4qt02.jpg,https://wx2.sinaimg.cn/large/001P0DUIgy1hy1qviqphfj62m83xchdx02.jpg",,,2025-01-29,moto razr 50 Ultra,10091570,1000000,1000000,,
5127836698150222,PbG9Tycfc,背着我的小福袋来喽祝大家蛇年大吉，巳巳如意[招财进宝] ,"https://wx1.sinaimg.cn/large/001P0DUIgy1hy0l0ayrzqj62ez37zkjn02.jpg,https://wx1.sinaimg.cn/large/001P0DUIgy1hy0l0ex92wj62ez37znpe02.jpg,https://wx2.sinaimg.cn/large/001P0DUIgy1hy0l0i1bz1j62ez37zb2b02.jpg,https://wx4.sinaimg.cn/large/001P0DUIgy1hy0l0lxd57j62ez37ze8402.jpg,https://wx3.sinaimg.cn/large/001P0DUIgy1hy0l0pindmj62ez37z7wk02.jpg,https://wx3.sinaimg.cn/large/001P0DUIgy1hy0l0t15qyj62ez37zx6r02.jpg",,,2025-01-28,moto razr 50 Ultra,10039226,1000000,1000000,,
5126319060289025,Pb2G61dbH,库存真的不多了 ,"https://wx3.sinaimg.cn/large/001P0DUIgy1hxvqpu4qtoj61sc2dsnpe02.jpg,https://wx2.sinaimg.cn/large/001P0DUIgy1hxvqpw58rtj61sc2dsx6p02.jpg,https://wx3.sinaimg.cn/large/001P0DUIgy1hxvqpxmubgj61sc2ds7wi02.jpg,https://wx2.sinaimg.cn/large/001P0DUIgy1hxvqpzbpzxj61sc2dsqv602.jpg",,,2025-01-24,moto razr 50 Ultra,7081174,1000000,1000000,,
5121956434936194,P9dbBkI82,很内向，拍照只比 ,"https://wx2.sinaimg.cn/large/001P0DUIgy1hxhto9hwj7j631r42cu1002.jpg,https://wx1.sinaimg.cn/large/001P0DUIgy1hxhtoeh2n3j61sc2dshdu02.jpg,https://wx1.sinaimg.cn/large/001P0DUIgy1hxhtolr04xj61sc2dsqv602.jpg,https://wx3.sinaimg.cn/large/001P0DUIgy1hxhtogz638j61sc2dsb2a02.jpg,https://wx4.sinaimg.cn/large/001P0DUIgy1hxhtojbru0j61sc2dsu0y02.jpg,https://wx2.sinaimg.cn/large/001P0DUIgy1hxhtobw653j61sc2dse8202.jpg",,,2025-01-12,moto razr 50 Ultra,8844962,1000000,1000000,,
5117996536169672,P7yaFpT0Q,2025第一页已翻开[气运之子]大家元旦快乐呀！ ,"https://wx2.sinaimg.cn/large/001P0DUIgy1hx56vt24lkj61mo268b2a02.jpg,https://wx4.sinaimg.cn/large/001P0DUIgy1hx56vvnpigj61mo268u0x02.jpg,https://wx1.sinaimg.cn/large/001P0DUIgy1hx56w3k0erj61mo268e8202.jpg,https://wx4.sinaimg.cn/large/001P0DUIgy1hx56w7xaolj62681mou0x02.jpg",,,2025-01-01,moto razr 50 Ultra,10196907,1000000,1000000,,
id,bid,正文,原始图片url,视频url,位置,日期,工具,点赞数,评论数,转发数,话题,@用户
5150968207900959,PlnUMx9oP,Biu biu biu～ ,"https://wx2.sinaimg.cn/large/001P0DUIgy1i02dmkdh2pj62c0340kjo02.jpg,https://wx1.sinaimg.cn/large/001P0DUIgy1i02dmpcef2j62c03404qs02.jpg,https://wx4.sinaimg.cn/large/001P0DUIgy1i02dmveow0j62c0340x6s02.jpg,https://wx1.sinaimg.cn/large/001P0DUIgy1i02dn11xf0j62c0340kjo02.jpg",,,2025-04-02,moto razr 50 Ultra,4692632,1000000,1000000,,
5147005475881428,PjIPhoG1K,春日下午茶时光 ,"https://wx3.sinaimg.cn/large/001P0DUIgy1hzpqgngjghj65yo3z44qy02.jpg,https://wx2.sinaimg.cn/large/001P0DUIgy1hzpqf192luj65yo3z4u1302.jpg,https://wx1.sinaimg.cn/large/001P0DUIgy1hzpqixnt5ij65yo3z4he302.jpg,https://wx2.sinaimg.cn/large/001P0DUIgy1hzpqh49ajjj63z45yo1l702.jpg,https://wx1.sinaimg.cn/large/001P0DUIgy1hzpqfefkxgj65yo3z4he102.jpg,https://wx4.sinaimg.cn/large/001P0DUIgy1hzpqfxuqq5j65yo3z4b2g02.jpg,https://wx3.sinaimg.cn/large/001P0DUIgy1hzpqhs722pj65yo3z47wq02.jpg,https://wx2.sinaimg.cn/large/001P0DUIgy1hzpqia036sj65yo3z4he502.jpg,https://wx1.sinaimg.cn/large/001P0DUIgy1hzpqegga84j62c0340hdy02.jpg",,,2025-03-22,moto razr 50 Ultra,5348347,1000000,1000000,,
5145863605458679,Pjf7ymU3d,置身繁花中，与@DIOR迪奥 共度美好春日时光～ ,"https://wx1.sinaimg.cn/large/001P0DUIly1hzm3drwsr9j64ec2xkhdw02.jpg,https://wx1.sinaimg.cn/large/001P0DUIly1hzm3dcjbk0j65yo3z4x6x02.jpg,https://wx4.sinaimg.cn/large/001P0DUIly1hzm3desqz8j62ws4d6qv902.jpg,https://wx2.sinaimg.cn/large/001P0DUIly1hzm3dj6sj8j64qa35ju1002.jpg,https://wx3.sinaimg.cn/large/001P0DUIly1hzm3du70gzj64mo3344qs02.jpg,https://wx1.sinaimg.cn/large/001P0DUIly1hzm3dhar9jj64d62wsx6t02.jpg,https://wx4.sinaimg.cn/large/001P0DUIly1hzm3dmj6gbj63z45yokjt02.jpg,https://wx3.sinaimg.cn/large/001P0DUIly1hzm3do24h1j62i03c0u0z02.jpg,https://wx4.sinaimg.cn/large/001P0DUIly1hzm3dpqrnjj641s2p7u0y02.jpg",,,2025-03-19,moto razr 50 Ultra,4092508,1000000,1000000,,DIOR迪奥
5143675223413356,PikbUejY8,很高兴解锁「淳茶舍」大中华区品牌代言人新身份，送上当家冷萃茶！一滴、一滴、超过一万滴，回甘「斗」茶大会开始！#淳茶舍给你一万滴的回甘##迪丽热巴淳茶舍大中华区品牌代言人#淳茶舍官方微博的微博视频 ,,,,2025-03-13,微博视频号,4610440,1000000,1000000,"淳茶舍给你一万滴的回甘,迪丽热巴淳茶舍大中华区品牌代言人",
5141187578824928,PhhtzB1Ly,工作随拍存档 ,"https://wx2.sinaimg.cn/large/001P0DUIgy1hz76cem64sj62de35v1kz02.jpg,https://wx4.sinaimg.cn/large/001P0DUIgy1hz76ciore0j621s2qd1ky02.jpg,https://wx1.sinaimg.cn/large/001P0DUIgy1hz76cll3sej627p2yahdu02.jpg",,,2025-03-06,moto razr 50 Ultra,6017297,1000000,1000000,,
5130242349334606,PcGJYDama,新年收到的礼物，包开心的#DiorDJourney# ,"https://wx2.sinaimg.cn/large/001P0DUIly1hy89azifj8j63b04eou1002.jpg,https://wx2.sinaimg.cn/large/001P0DUIly1hy89b2k2j2j63b04eohdw02.jpg",,,2025-02-04,moto razr 50 Ultra,5295528,1000000,1000000,DiorDJourney,
5129917212133195,Pcyhz8WWn,灵主下班啦～烟火人间，又是新篇#慕胥辞官宣杀青##慕胥辞# ,"https://wx2.sinaimg.cn/large/001P0DUIly1hy77yk3sbdj62dw36j1kz02.jpg,https://wx4.sinaimg.cn/large/001P0DUIly1hy77ylgpkoj625g2v9x6p02.jpg,https://wx2.sinaimg.cn/large/001P0DUIly1hy77yovxv1j62v14ajkjn02.jpg,https://wx1.sinaimg.cn/large/001P0DUIly1hy77yryh99j64tc2pkkjq02.jpg",,,2025-02-03,moto razr 50 Ultra,8009477,1000000,1000000,"慕胥辞官宣杀青,慕胥辞",
5128201212266306,PbPDP9vzk,烟花噼里啪啦，过年嘻嘻哈哈[巳升升]祝大家新的一年红红火火！ ,"https://wx1.sinaimg.cn/large/001P0DUIgy1hy1qv5q2h7j62i03c01l102.jpg,https://wx1.sinaimg.cn/large/001P0DUIgy1hy1qvd11dpj62m83xc4qt02.jpg,https://wx2.sinaimg.cn/large/001P0DUIgy1hy1qviqphfj62m83xchdx02.jpg",,,2025-01-29,moto razr 50 Ultra,10091571,1000000,1000000,,
5127836698150222,PbG9Tycfc,背着我的小福袋来喽祝大家蛇年大吉，巳巳如意[招财进宝] ,"https://wx1.sinaimg.cn/large/001P0DUIgy1hy0l0ayrzqj62ez37zkjn02.jpg,https://wx1.sinaimg.cn/large/001P0DUIgy1hy0l0ex92wj62ez37znpe02.jpg,https://wx2.sinaimg.cn/large/001P0DUIgy1hy0l0i1bz1j62ez37zb2b02.jpg,https://wx4.sinaimg.cn/large/001P0DUIgy1hy0l0lxd57j62ez37ze8402.jpg,https://wx3.sinaimg.cn/large/001P0DUIgy1hy0l0pindmj62ez37z7wk02.jpg,https://wx3.sinaimg.cn/large/001P0DUIgy1hy0l0t15qyj62ez37zx6r02.jpg",,,2025-01-28,moto razr 50 Ultra,10039226,1000000,1000000,,
5126319060289025,Pb2G61dbH,库存真的不多了 ,"https://wx3.sinaimg.cn/large/001P0DUIgy1hxvqpu4qtoj61sc2dsnpe02.jpg,https://wx2.sinaimg.cn/large/001P0DUIgy1hxvqpw58rtj61sc2dsx6p02.jpg,https://wx3.sinaimg.cn/large/001P0DUIgy1hxvqpxmubgj61sc2ds7wi02.jpg,https://wx2.sinaimg.cn/large/001P0DUIgy1hxvqpzbpzxj61sc2dsqv602.jpg",,,2025-01-24,moto razr 50 Ultra,7081174,1000000,1000000,,
5121956434936194,P9dbBkI82,很内向，拍照只比 ,"https://wx2.sinaimg.cn/large/001P0DUIgy1hxhto9hwj7j631r42cu1002.jpg,https://wx1.sinaimg.cn/large/001P0DUIgy1hxhtoeh2n3j61sc2dshdu02.jpg,https://wx1.sinaimg.cn/large/001P0DUIgy1hxhtolr04xj61sc2dsqv602.jpg,https://wx3.sinaimg.cn/large/001P0DUIgy1hxhtogz638j61sc2dsb2a02.jpg,https://wx4.sinaimg.cn/large/001P0DUIgy1hxhtojbru0j61sc2dsu0y02.jpg,https://wx2.sinaimg.cn/large/001P0DUIgy1hxhtobw653j61sc2dse8202.jpg",,,2025-01-12,moto razr 50 Ultra,8844962,1000000,1000000,,
5117996536169672,P7yaFpT0Q,2025第一页已翻开[气运之子]大家元旦快乐呀！ ,"https://wx2.sinaimg.cn/large/001P0DUIgy1hx56vt24lkj61mo268b2a02.jpg,https://wx4.sinaimg.cn/large/001P0DUIgy1hx56vvnpigj61mo268u0x02.jpg,https://wx1.sinaimg.cn/large/001P0DUIgy1hx56w3k0erj61mo268e8202.jpg,https://wx4.sinaimg.cn/large/001P0DUIgy1hx56w7xaolj62681mou0x02.jpg",,,2025-01-01,moto razr 50 Ultra,10196907,1000000,1000000,,
id,bid,正文,原始图片url,视频url,位置,日期,工具,点赞数,评论数,转发数,话题,@用户
5150968207900959,PlnUMx9oP,Biu biu biu～ ,"https://wx2.sinaimg.cn/large/001P0DUIgy1i02dmkdh2pj62c0340kjo02.jpg,https://wx1.sinaimg.cn/large/001P0DUIgy1i02dmpcef2j62c03404qs02.jpg,https://wx4.sinaimg.cn/large/001P0DUIgy1i02dmveow0j62c0340x6s02.jpg,https://wx1.sinaimg.cn/large/001P0DUIgy1i02dn11xf0j62c0340kjo02.jpg",,,2025-04-02,moto razr 50 Ultra,4693022,1000000,1000000,,
5147005475881428,PjIPhoG1K,春日下午茶时光 ,"https://wx3.sinaimg.cn/large/001P0DUIgy1hzpqgngjghj65yo3z44qy02.jpg,https://wx2.sinaimg.cn/large/001P0DUIgy1hzpqf192luj65yo3z4u1302.jpg,https://wx1.sinaimg.cn/large/001P0DUIgy1hzpqixnt5ij65yo3z4he302.jpg,https://wx2.sinaimg.cn/large/001P0DUIgy1hzpqh49ajjj63z45yo1l702.jpg,https://wx1.sinaimg.cn/large/001P0DUIgy1hzpqfefkxgj65yo3z4he102.jpg,https://wx4.sinaimg.cn/large/001P0DUIgy1hzpqfxuqq5j65yo3z4b2g02.jpg,https://wx3.sinaimg.cn/large/001P0DUIgy1hzpqhs722pj65yo3z47wq02.jpg,https://wx2.sinaimg.cn/large/001P0DUIgy1hzpqia036sj65yo3z4he502.jpg,https://wx1.sinaimg.cn/large/001P0DUIgy1hzpqegga84j62c0340hdy02.jpg",,,2025-03-22,moto razr 50 Ultra,5348350,1000000,1000000,,
5145863605458679,Pjf7ymU3d,置身繁花中，与@DIOR迪奥 共度美好春日时光～ ,"https://wx1.sinaimg.cn/large/001P0DUIly1hzm3drwsr9j64ec2xkhdw02.jpg,https://wx1.sinaimg.cn/large/001P0DUIly1hzm3dcjbk0j65yo3z4x6x02.jpg,https://wx4.sinaimg.cn/large/001P0DUIly1hzm3desqz8j62ws4d6qv902.jpg,https://wx2.sinaimg.cn/large/001P0DUIly1hzm3dj6sj8j64qa35ju1002.jpg,https://wx3.sinaimg.cn/large/001P0DUIly1hzm3du70gzj64mo3344qs02.jpg,https://wx1.sinaimg.cn/large/001P0DUIly1hzm3dhar9jj64d62wsx6t02.jpg,https://wx4.sinaimg.cn/large/001P0DUIly1hzm3dmj6gbj63z45yokjt02.jpg,https://wx3.sinaimg.cn/large/001P0DUIly1hzm3do24h1j62i03c0u0z02.jpg,https://wx4.sinaimg.cn/large/001P0DUIly1hzm3dpqrnjj641s2p7u0y02.jpg",,,2025-03-19,moto razr 50 Ultra,4095444,1000000,1000000,,DIOR迪奥
5143675223413356,PikbUejY8,很高兴解锁「淳茶舍」大中华区品牌代言人新身份，送上当家冷萃茶！一滴、一滴、超过一万滴，回甘「斗」茶大会开始！#淳茶舍给你一万滴的回甘##迪丽热巴淳茶舍大中华区品牌代言人#淳茶舍官方微博的微博视频 ,,,,2025-03-13,微博视频号,4610444,1000000,1000000,"淳茶舍给你一万滴的回甘,迪丽热巴淳茶舍大中华区品牌代言人",
5141187578824928,PhhtzB1Ly,工作随拍存档 ,"https://wx2.sinaimg.cn/large/001P0DUIgy1hz76cem64sj62de35v1kz02.jpg,https://wx4.sinaimg.cn/large/001P0DUIgy1hz76ciore0j621s2qd1ky02.jpg,https://wx1.sinaimg.cn/large/001P0DUIgy1hz76cll3sej627p2yahdu02.jpg",,,2025-03-06,moto razr 50 Ultra,6017298,1000000,1000000,,
5130242349334606,PcGJYDama,新年收到的礼物，包开心的#DiorDJourney# ,"https://wx2.sinaimg.cn/large/001P0DUIly1hy89azifj8j63b04eou1002.jpg,https://wx2.sinaimg.cn/large/001P0DUIly1hy89b2k2j2j63b04eohdw02.jpg",,,2025-02-04,moto razr 50 Ultra,5295528,1000000,1000000,DiorDJourney,
5129917212133195,Pcyhz8WWn,灵主下班啦～烟火人间，又是新篇#慕胥辞官宣杀青##慕胥辞# ,"https://wx2.sinaimg.cn/large/001P0DUIly1hy77yk3sbdj62dw36j1kz02.jpg,https://wx4.sinaimg.cn/large/001P0DUIly1hy77ylgpkoj625g2v9x6p02.jpg,https://wx2.sinaimg.cn/large/001P0DUIly1hy77yovxv1j62v14ajkjn02.jpg,https://wx1.sinaimg.cn/large/001P0DUIly1hy77yryh99j64tc2pkkjq02.jpg",,,2025-02-03,moto razr 50 Ultra,8009479,1000000,1000000,"慕胥辞官宣杀青,慕胥辞",
5128201212266306,PbPDP9vzk,烟花噼里啪啦，过年嘻嘻哈哈[巳升升]祝大家新的一年红红火火！ ,"https://wx1.sinaimg.cn/large/001P0DUIgy1hy1qv5q2h7j62i03c01l102.jpg,https://wx1.sinaimg.cn/large/001P0DUIgy1hy1qvd11dpj62m83xc4qt02.jpg,https://wx2.sinaimg.cn/large/001P0DUIgy1hy1qviqphfj62m83xchdx02.jpg",,,2025-01-29,moto razr 50 Ultra,10091571,1000000,1000000,,
5127836698150222,PbG9Tycfc,背着我的小福袋来喽祝大家蛇年大吉，巳巳如意[招财进宝] ,"https://wx1.sinaimg.cn/large/001P0DUIgy1hy0l0ayrzqj62ez37zkjn02.jpg,https://wx1.sinaimg.cn/large/001P0DUIgy1hy0l0ex92wj62ez37znpe02.jpg,https://wx2.sinaimg.cn/large/001P0DUIgy1hy0l0i1bz1j62ez37zb2b02.jpg,https://wx4.sinaimg.cn/large/001P0DUIgy1hy0l0lxd57j62ez37ze8402.jpg,https://wx3.sinaimg.cn/large/001P0DUIgy1hy0l0pindmj62ez37z7wk02.jpg,https://wx3.sinaimg.cn/large/001P0DUIgy1hy0l0t15qyj62ez37zx6r02.jpg",,,2025-01-28,moto razr 50 Ultra,10039227,1000000,1000000,,
5126319060289025,Pb2G61dbH,库存真的不多了 ,"https://wx3.sinaimg.cn/large/001P0DUIgy1hxvqpu4qtoj61sc2dsnpe02.jpg,https://wx2.sinaimg.cn/large/001P0DUIgy1hxvqpw58rtj61sc2dsx6p02.jpg,https://wx3.sinaimg.cn/large/001P0DUIgy1hxvqpxmubgj61sc2ds7wi02.jpg,https://wx2.sinaimg.cn/large/001P0DUIgy1hxvqpzbpzxj61sc2dsqv602.jpg",,,2025-01-24,moto razr 50 Ultra,7081176,1000000,1000000,,
5121956434936194,P9dbBkI82,很内向，拍照只比 ,"https://wx2.sinaimg.cn/large/001P0DUIgy1hxhto9hwj7j631r42cu1002.jpg,https://wx1.sinaimg.cn/large/001P0DUIgy1hxhtoeh2n3j61sc2dshdu02.jpg,https://wx1.sinaimg.cn/large/001P0DUIgy1hxhtolr04xj61sc2dsqv602.jpg,https://wx3.sinaimg.cn/large/001P0DUIgy1hxhtogz638j61sc2dsb2a02.jpg,https://wx4.sinaimg.cn/large/001P0DUIgy1hxhtojbru0j61sc2dsu0y02.jpg,https://wx2.sinaimg.cn/large/001P0DUIgy1hxhtobw653j61sc2dse8202.jpg",,,2025-01-12,moto razr 50 Ultra,8844966,1000000,1000000,,
5117996536169672,P7yaFpT0Q,2025第一页已翻开[气运之子]大家元旦快乐呀！ ,"https://wx2.sinaimg.cn/large/001P0DUIgy1hx56vt24lkj61mo268b2a02.jpg,https://wx4.sinaimg.cn/large/001P0DUIgy1hx56vvnpigj61mo268u0x02.jpg,https://wx1.sinaimg.cn/large/001P0DUIgy1hx56w3k0erj61mo268e8202.jpg,https://wx4.sinaimg.cn/large/001P0DUIgy1hx56w7xaolj62681mou0x02.jpg",,,2025-01-01,moto razr 50 Ultra,10196908,1000000,1000000,,
id,bid,正文,原始图片url,视频url,位置,日期,工具,点赞数,评论数,转发数,话题,@用户
5150968207900959,PlnUMx9oP,Biu biu biu～ ,"https://wx2.sinaimg.cn/large/001P0DUIgy1i02dmkdh2pj62c0340kjo02.jpg,https://wx1.sinaimg.cn/large/001P0DUIgy1i02dmpcef2j62c03404qs02.jpg,https://wx4.sinaimg.cn/large/001P0DUIgy1i02dmveow0j62c0340x6s02.jpg,https://wx1.sinaimg.cn/large/001P0DUIgy1i02dn11xf0j62c0340kjo02.jpg",,,2025-04-02,moto razr 50 Ultra,4694309,1000000,1000000,,
5147005475881428,PjIPhoG1K,春日下午茶时光 ,"https://wx3.sinaimg.cn/large/001P0DUIgy1hzpqgngjghj65yo3z44qy02.jpg,https://wx2.sinaimg.cn/large/001P0DUIgy1hzpqf192luj65yo3z4u1302.jpg,https://wx1.sinaimg.cn/large/001P0DUIgy1hzpqixnt5ij65yo3z4he302.jpg,https://wx2.sinaimg.cn/large/001P0DUIgy1hzpqh49ajjj63z45yo1l702.jpg,https://wx1.sinaimg.cn/large/001P0DUIgy1hzpqfefkxgj65yo3z4he102.jpg,https://wx4.sinaimg.cn/large/001P0DUIgy1hzpqfxuqq5j65yo3z4b2g02.jpg,https://wx3.sinaimg.cn/large/001P0DUIgy1hzpqhs722pj65yo3z47wq02.jpg,https://wx2.sinaimg.cn/large/001P0DUIgy1hzpqia036sj65yo3z4he502.jpg,https://wx1.sinaimg.cn/large/001P0DUIgy1hzpqegga84j62c0340hdy02.jpg",,,2025-03-22,moto razr 50 Ultra,5348379,1000000,1000000,,
5145863605458679,Pjf7ymU3d,置身繁花中，与@DIOR迪奥 共度美好春日时光～ ,"https://wx1.sinaimg.cn/large/001P0DUIly1hzm3drwsr9j64ec2xkhdw02.jpg,https://wx1.sinaimg.cn/large/001P0DUIly1hzm3dcjbk0j65yo3z4x6x02.jpg,https://wx4.sinaimg.cn/large/001P0DUIly1hzm3desqz8j62ws4d6qv902.jpg,https://wx2.sinaimg.cn/large/001P0DUIly1hzm3dj6sj8j64qa35ju1002.jpg,https://wx3.sinaimg.cn/large/001P0DUIly1hzm3du70gzj64mo3344qs02.jpg,https://wx1.sinaimg.cn/large/001P0DUIly1hzm3dhar9jj64d62wsx6t02.jpg,https://wx4.sinaimg.cn/large/001P0DUIly1hzm3dmj6gbj63z45yokjt02.jpg,https://wx3.sinaimg.cn/large/001P0DUIly1hzm3do24h1j62i03c0u0z02.jpg,https://wx4.sinaimg.cn/large/001P0DUIly1hzm3dpqrnjj641s2p7u0y02.jpg",,,2025-03-19,moto razr 50 Ultra,4099338,1000000,1000000,,DIOR迪奥
5143675223413356,PikbUejY8,很高兴解锁「淳茶舍」大中华区品牌代言人新身份，送上当家冷萃茶！一滴、一滴、超过一万滴，回甘「斗」茶大会开始！#淳茶舍给你一万滴的回甘##迪丽热巴淳茶舍大中华区品牌代言人#淳茶舍官方微博的微博视频 ,,,,2025-03-13,微博视频号,4610446,1000000,1000000,"淳茶舍给你一万滴的回甘,迪丽热巴淳茶舍大中华区品牌代言人",
5141187578824928,PhhtzB1Ly,工作随拍存档 ,"https://wx2.sinaimg.cn/large/001P0DUIgy1hz76cem64sj62de35v1kz02.jpg,https://wx4.sinaimg.cn/large/001P0DUIgy1hz76ciore0j621s2qd1ky02.jpg,https://wx1.sinaimg.cn/large/001P0DUIgy1hz76cll3sej627p2yahdu02.jpg",,,2025-03-06,moto razr 50 Ultra,6017312,1000000,1000000,,
5130242349334606,PcGJYDama,新年收到的礼物，包开心的#DiorDJourney# ,"https://wx2.sinaimg.cn/large/001P0DUIly1hy89azifj8j63b04eou1002.jpg,https://wx2.sinaimg.cn/large/001P0DUIly1hy89b2k2j2j63b04eohdw02.jpg",,,2025-02-04,moto razr 50 Ultra,5295529,1000000,1000000,DiorDJourney,
5129917212133195,Pcyhz8WWn,灵主下班啦～烟火人间，又是新篇#慕胥辞官宣杀青##慕胥辞# ,"https://wx2.sinaimg.cn/large/001P0DUIly1hy77yk3sbdj62dw36j1kz02.jpg,https://wx4.sinaimg.cn/large/001P0DUIly1hy77ylgpkoj625g2v9x6p02.jpg,https://wx2.sinaimg.cn/large/001P0DUIly1hy77yovxv1j62v14ajkjn02.jpg,https://wx1.sinaimg.cn/large/001P0DUIly1hy77yryh99j64tc2pkkjq02.jpg",,,2025-02-03,moto razr 50 Ultra,8009479,1000000,1000000,"慕胥辞官宣杀青,慕胥辞",
5128201212266306,PbPDP9vzk,烟花噼里啪啦，过年嘻嘻哈哈[巳升升]祝大家新的一年红红火火！ ,"https://wx1.sinaimg.cn/large/001P0DUIgy1hy1qv5q2h7j62i03c01l102.jpg,https://wx1.sinaimg.cn/large/001P0DUIgy1hy1qvd11dpj62m83xc4qt02.jpg,https://wx2.sinaimg.cn/large/001P0DUIgy1hy1qviqphfj62m83xchdx02.jpg",,,2025-01-29,moto razr 50 Ultra,10091571,1000000,1000000,,
5127836698150222,PbG9Tycfc,背着我的小福袋来喽祝大家蛇年大吉，巳巳如意[招财进宝] ,"https://wx1.sinaimg.cn/large/001P0DUIgy1hy0l0ayrzqj62ez37zkjn02.jpg,https://wx1.sinaimg.cn/large/001P0DUIgy1hy0l0ex92wj62ez37znpe02.jpg,https://wx2.sinaimg.cn/large/001P0DUIgy1hy0l0i1bz1j62ez37zb2b02.jpg,https://wx4.sinaimg.cn/large/001P0DUIgy1hy0l0lxd57j62ez37ze8402.jpg,https://wx3.sinaimg.cn/large/001P0DUIgy1hy0l0pindmj62ez37z7wk02.jpg,https://wx3.sinaimg.cn/large/001P0DUIgy1hy0l0t15qyj62ez37zx6r02.jpg",,,2025-01-28,moto razr 50 Ultra,10039228,1000000,1000000,,
5126319060289025,Pb2G61dbH,库存真的不多了 ,"https://wx3.sinaimg.cn/large/001P0DUIgy1hxvqpu4qtoj61sc2dsnpe02.jpg,https://wx2.sinaimg.cn/large/001P0DUIgy1hxvqpw58rtj61sc2dsx6p02.jpg,https://wx3.sinaimg.cn/large/001P0DUIgy1hxvqpxmubgj61sc2ds7wi02.jpg,https://wx2.sinaimg.cn/large/001P0DUIgy1hxvqpzbpzxj61sc2dsqv602.jpg",,,2025-01-24,moto razr 50 Ultra,7081176,1000000,1000000,,
5121956434936194,P9dbBkI82,很内向，拍照只比 ,"https://wx2.sinaimg.cn/large/001P0DUIgy1hxhto9hwj7j631r42cu1002.jpg,https://wx1.sinaimg.cn/large/001P0DUIgy1hxhtoeh2n3j61sc2dshdu02.jpg,https://wx1.sinaimg.cn/large/001P0DUIgy1hxhtolr04xj61sc2dsqv602.jpg,https://wx3.sinaimg.cn/large/001P0DUIgy1hxhtogz638j61sc2dsb2a02.jpg,https://wx4.sinaimg.cn/large/001P0DUIgy1hxhtojbru0j61sc2dsu0y02.jpg,https://wx2.sinaimg.cn/large/001P0DUIgy1hxhtobw653j61sc2dse8202.jpg",,,2025-01-12,moto razr 50 Ultra,8844999,1000000,1000000,,
5117996536169672,P7yaFpT0Q,2025第一页已翻开[气运之子]大家元旦快乐呀！ ,"https://wx2.sinaimg.cn/large/001P0DUIgy1hx56vt24lkj61mo268b2a02.jpg,https://wx4.sinaimg.cn/large/001P0DUIgy1hx56vvnpigj61mo268u0x02.jpg,https://wx1.sinaimg.cn/large/001P0DUIgy1hx56w3k0erj61mo268e8202.jpg,https://wx4.sinaimg.cn/large/001P0DUIgy1hx56w7xaolj62681mou0x02.jpg",,,2025-01-01,moto razr 50 Ultra,10196909,1000000,1000000,,
id,bid,正文,原始图片url,视频url,位置,日期,工具,点赞数,评论数,转发数,话题,@用户
5150968207900959,PlnUMx9oP,Biu biu biu～ ,"https://wx2.sinaimg.cn/large/001P0DUIgy1i02dmkdh2pj62c0340kjo02.jpg,https://wx1.sinaimg.cn/large/001P0DUIgy1i02dmpcef2j62c03404qs02.jpg,https://wx4.sinaimg.cn/large/001P0DUIgy1i02dmveow0j62c0340x6s02.jpg,https://wx1.sinaimg.cn/large/001P0DUIgy1i02dn11xf0j62c0340kjo02.jpg",,,2025-04-02,moto razr 50 Ultra,4694804,1000000,1000000,,
5147005475881428,PjIPhoG1K,春日下午茶时光 ,"https://wx3.sinaimg.cn/large/001P0DUIgy1hzpqgngjghj65yo3z44qy02.jpg,https://wx2.sinaimg.cn/large/001P0DUIgy1hzpqf192luj65yo3z4u1302.jpg,https://wx1.sinaimg.cn/large/001P0DUIgy1hzpqixnt5ij65yo3z4he302.jpg,https://wx2.sinaimg.cn/large/001P0DUIgy1hzpqh49ajjj63z45yo1l702.jpg,https://wx1.sinaimg.cn/large/001P0DUIgy1hzpqfefkxgj65yo3z4he102.jpg,https://wx4.sinaimg.cn/large/001P0DUIgy1hzpqfxuqq5j65yo3z4b2g02.jpg,https://wx3.sinaimg.cn/large/001P0DUIgy1hzpqhs722pj65yo3z47wq02.jpg,https://wx2.sinaimg.cn/large/001P0DUIgy1hzpqia036sj65yo3z4he502.jpg,https://wx1.sinaimg.cn/large/001P0DUIgy1hzpqegga84j62c0340hdy02.jpg",,,2025-03-22,moto razr 50 Ultra,5348383,1000000,1000000,,
5145863605458679,Pjf7ymU3d,置身繁花中，与@DIOR迪奥 共度美好春日时光～ ,"https://wx1.sinaimg.cn/large/001P0DUIly1hzm3drwsr9j64ec2xkhdw02.jpg,https://wx1.sinaimg.cn/large/001P0DUIly1hzm3dcjbk0j65yo3z4x6x02.jpg,https://wx4.sinaimg.cn/large/001P0DUIly1hzm3desqz8j62ws4d6qv902.jpg,https://wx2.sinaimg.cn/large/001P0DUIly1hzm3dj6sj8j64qa35ju1002.jpg,https://wx3.sinaimg.cn/large/001P0DUIly1hzm3du70gzj64mo3344qs02.jpg,https://wx1.sinaimg.cn/large/001P0DUIly1hzm3dhar9jj64d62wsx6t02.jpg,https://wx4.sinaimg.cn/large/001P0DUIly1hzm3dmj6gbj63z45yokjt02.jpg,https://wx3.sinaimg.cn/large/001P0DUIly1hzm3do24h1j62i03c0u0z02.jpg,https://wx4.sinaimg.cn/large/001P0DUIly1hzm3dpqrnjj641s2p7u0y02.jpg",,,2025-03-19,moto razr 50 Ultra,4101731,1000000,1000000,,DIOR迪奥
5143675223413356,PikbUejY8,很高兴解锁「淳茶舍」大中华区品牌代言人新身份，送上当家冷萃茶！一滴、一滴、超过一万滴，回甘「斗」茶大会开始！#淳茶舍给你一万滴的回甘##迪丽热巴淳茶舍大中华区品牌代言人#淳茶舍官方微博的微博视频 ,,,,2025-03-13,微博视频号,4610447,1000000,1000000,"淳茶舍给你一万滴的回甘,迪丽热巴淳茶舍大中华区品牌代言人",
5141187578824928,PhhtzB1Ly,工作随拍存档 ,"https://wx2.sinaimg.cn/large/001P0DUIgy1hz76cem64sj62de35v1kz02.jpg,https://wx4.sinaimg.cn/large/001P0DUIgy1hz76ciore0j621s2qd1ky02.jpg,https://wx1.sinaimg.cn/large/001P0DUIgy1hz76cll3sej627p2yahdu02.jpg",,,2025-03-06,moto razr 50 Ultra,6017313,1000000,1000000,,
5130242349334606,PcGJYDama,新年收到的礼物，包开心的#DiorDJourney# ,"https://wx2.sinaimg.cn/large/001P0DUIly1hy89azifj8j63b04eou1002.jpg,https://wx2.sinaimg.cn/large/001P0DUIly1hy89b2k2j2j63b04eohdw02.jpg",,,2025-02-04,moto razr 50 Ultra,5295530,1000000,1000000,DiorDJourney,
5129917212133195,Pcyhz8WWn,灵主下班啦～烟火人间，又是新篇#慕胥辞官宣杀青##慕胥辞# ,"https://wx2.sinaimg.cn/large/001P0DUIly1hy77yk3sbdj62dw36j1kz02.jpg,https://wx4.sinaimg.cn/large/001P0DUIly1hy77ylgpkoj625g2v9x6p02.jpg,https://wx2.sinaimg.cn/large/001P0DUIly1hy77yovxv1j62v14ajkjn02.jpg,https://wx1.sinaimg.cn/large/001P0DUIly1hy77yryh99j64tc2pkkjq02.jpg",,,2025-02-03,moto razr 50 Ultra,8009479,1000000,1000000,"慕胥辞官宣杀青,慕胥辞",
5128201212266306,PbPDP9vzk,烟花噼里啪啦，过年嘻嘻哈哈[巳升升]祝大家新的一年红红火火！ ,"https://wx1.sinaimg.cn/large/001P0DUIgy1hy1qv5q2h7j62i03c01l102.jpg,https://wx1.sinaimg.cn/large/001P0DUIgy1hy1qvd11dpj62m83xc4qt02.jpg,https://wx2.sinaimg.cn/large/001P0DUIgy1hy1qviqphfj62m83xchdx02.jpg",,,2025-01-29,moto razr 50 Ultra,10091571,1000000,1000000,,
5127836698150222,PbG9Tycfc,背着我的小福袋来喽祝大家蛇年大吉，巳巳如意[招财进宝] ,"https://wx1.sinaimg.cn/large/001P0DUIgy1hy0l0ayrzqj62ez37zkjn02.jpg,https://wx1.sinaimg.cn/large/001P0DUIgy1hy0l0ex92wj62ez37znpe02.jpg,https://wx2.sinaimg.cn/large/001P0DUIgy1hy0l0i1bz1j62ez37zb2b02.jpg,https://wx4.sinaimg.cn/large/001P0DUIgy1hy0l0lxd57j62ez37ze8402.jpg,https://wx3.sinaimg.cn/large/001P0DUIgy1hy0l0pindmj62ez37z7wk02.jpg,https://wx3.sinaimg.cn/large/001P0DUIgy1hy0l0t15qyj62ez37zx6r02.jpg",,,2025-01-28,moto razr 50 Ultra,10039228,1000000,1000000,,
5126319060289025,Pb2G61dbH,库存真的不多了 ,"https://wx3.sinaimg.cn/large/001P0DUIgy1hxvqpu4qtoj61sc2dsnpe02.jpg,https://wx2.sinaimg.cn/large/001P0DUIgy1hxvqpw58rtj61sc2dsx6p02.jpg,https://wx3.sinaimg.cn/large/001P0DUIgy1hxvqpxmubgj61sc2ds7wi02.jpg,https://wx2.sinaimg.cn/large/001P0DUIgy1hxvqpzbpzxj61sc2dsqv602.jpg",,,2025-01-24,moto razr 50 Ultra,7081177,1000000,1000000,,
5121956434936194,P9dbBkI82,很内向，拍照只比 ,"https://wx2.sinaimg.cn/large/001P0DUIgy1hxhto9hwj7j631r42cu1002.jpg,https://wx1.sinaimg.cn/large/001P0DUIgy1hxhtoeh2n3j61sc2dshdu02.jpg,https://wx1.sinaimg.cn/large/001P0DUIgy1hxhtolr04xj61sc2dsqv602.jpg,https://wx3.sinaimg.cn/large/001P0DUIgy1hxhtogz638j61sc2dsb2a02.jpg,https://wx4.sinaimg.cn/large/001P0DUIgy1hxhtojbru0j61sc2dsu0y02.jpg,https://wx2.sinaimg.cn/large/001P0DUIgy1hxhtobw653j61sc2dse8202.jpg",,,2025-01-12,moto razr 50 Ultra,8845000,1000000,1000000,,
5117996536169672,P7yaFpT0Q,2025第一页已翻开[气运之子]大家元旦快乐呀！ ,"https://wx2.sinaimg.cn/large/001P0DUIgy1hx56vt24lkj61mo268b2a02.jpg,https://wx4.sinaimg.cn/large/001P0DUIgy1hx56vvnpigj61mo268u0x02.jpg,https://wx1.sinaimg.cn/large/001P0DUIgy1hx56w3k0erj61mo268e8202.jpg,https://wx4.sinaimg.cn/large/001P0DUIgy1hx56w7xaolj62681mou0x02.jpg",,,2025-01-01,moto razr 50 Ultra,10196909,1000000,1000000,,
id,bid,正文,原始图片url,视频url,位置,日期,工具,点赞数,评论数,转发数,话题,@用户
5150968207900959,PlnUMx9oP,Biu biu biu～ ,"https://wx2.sinaimg.cn/large/001P0DUIgy1i02dmkdh2pj62c0340kjo02.jpg,https://wx1.sinaimg.cn/large/001P0DUIgy1i02dmpcef2j62c03404qs02.jpg,https://wx4.sinaimg.cn/large/001P0DUIgy1i02dmveow0j62c0340x6s02.jpg,https://wx1.sinaimg.cn/large/001P0DUIgy1i02dn11xf0j62c0340kjo02.jpg",,,2025-04-02,moto razr 50 Ultra,4695490,1000000,1000000,,
5147005475881428,PjIPhoG1K,春日下午茶时光 ,"https://wx3.sinaimg.cn/large/001P0DUIgy1hzpqgngjghj65yo3z44qy02.jpg,https://wx2.sinaimg.cn/large/001P0DUIgy1hzpqf192luj65yo3z4u1302.jpg,https://wx1.sinaimg.cn/large/001P0DUIgy1hzpqixnt5ij65yo3z4he302.jpg,https://wx2.sinaimg.cn/large/001P0DUIgy1hzpqh49ajjj63z45yo1l702.jpg,https://wx1.sinaimg.cn/large/001P0DUIgy1hzpqfefkxgj65yo3z4he102.jpg,https://wx4.sinaimg.cn/large/001P0DUIgy1hzpqfxuqq5j65yo3z4b2g02.jpg,https://wx3.sinaimg.cn/large/001P0DUIgy1hzpqhs722pj65yo3z47wq02.jpg,https://wx2.sinaimg.cn/large/001P0DUIgy1hzpqia036sj65yo3z4he502.jpg,https://wx1.sinaimg.cn/large/001P0DUIgy1hzpqegga84j62c0340hdy02.jpg",,,2025-03-22,moto razr 50 Ultra,5348388,1000000,1000000,,
5145863605458679,Pjf7ymU3d,置身繁花中，与@DIOR迪奥 共度美好春日时光～ ,"https://wx1.sinaimg.cn/large/001P0DUIly1hzm3drwsr9j64ec2xkhdw02.jpg,https://wx1.sinaimg.cn/large/001P0DUIly1hzm3dcjbk0j65yo3z4x6x02.jpg,https://wx4.sinaimg.cn/large/001P0DUIly1hzm3desqz8j62ws4d6qv902.jpg,https://wx2.sinaimg.cn/large/001P0DUIly1hzm3dj6sj8j64qa35ju1002.jpg,https://wx3.sinaimg.cn/large/001P0DUIly1hzm3du70gzj64mo3344qs02.jpg,https://wx1.sinaimg.cn/large/001P0DUIly1hzm3dhar9jj64d62wsx6t02.jpg,https://wx4.sinaimg.cn/large/001P0DUIly1hzm3dmj6gbj63z45yokjt02.jpg,https://wx3.sinaimg.cn/large/001P0DUIly1hzm3do24h1j62i03c0u0z02.jpg,https://wx4.sinaimg.cn/large/001P0DUIly1hzm3dpqrnjj641s2p7u0y02.jpg",,,2025-03-19,moto razr 50 Ultra,4102142,1000000,1000000,,DIOR迪奥
5143675223413356,PikbUejY8,很高兴解锁「淳茶舍」大中华区品牌代言人新身份，送上当家冷萃茶！一滴、一滴、超过一万滴，回甘「斗」茶大会开始！#淳茶舍给你一万滴的回甘##迪丽热巴淳茶舍大中华区品牌代言人#淳茶舍官方微博的微博视频 ,,,,2025-03-13,微博视频号,4610448,1000000,1000000,"淳茶舍给你一万滴的回甘,迪丽热巴淳茶舍大中华区品牌代言人",
5141187578824928,PhhtzB1Ly,工作随拍存档 ,"https://wx2.sinaimg.cn/large/001P0DUIgy1hz76cem64sj62de35v1kz02.jpg,https://wx4.sinaimg.cn/large/001P0DUIgy1hz76ciore0j621s2qd1ky02.jpg,https://wx1.sinaimg.cn/large/001P0DUIgy1hz76cll3sej627p2yahdu02.jpg",,,2025-03-06,moto razr 50 Ultra,6017315,1000000,1000000,,
5130242349334606,PcGJYDama,新年收到的礼物，包开心的#DiorDJourney# ,"https://wx2.sinaimg.cn/large/001P0DUIly1hy89azifj8j63b04eou1002.jpg,https://wx2.sinaimg.cn/large/001P0DUIly1hy89b2k2j2j63b04eohdw02.jpg",,,2025-02-04,moto razr 50 Ultra,5295530,1000000,1000000,DiorDJourney,
5129917212133195,Pcyhz8WWn,灵主下班啦～烟火人间，又是新篇#慕胥辞官宣杀青##慕胥辞# ,"https://wx2.sinaimg.cn/large/001P0DUIly1hy77yk3sbdj62dw36j1kz02.jpg,https://wx4.sinaimg.cn/large/001P0DUIly1hy77ylgpkoj625g2v9x6p02.jpg,https://wx2.sinaimg.cn/large/001P0DUIly1hy77yovxv1j62v14ajkjn02.jpg,https://wx1.sinaimg.cn/large/001P0DUIly1hy77yryh99j64tc2pkkjq02.jpg",,,2025-02-03,moto razr 50 Ultra,8009480,1000000,1000000,"慕胥辞官宣杀青,慕胥辞",
5128201212266306,PbPDP9vzk,烟花噼里啪啦，过年嘻嘻哈哈[巳升升]祝大家新的一年红红火火！ ,"https://wx1.sinaimg.cn/large/001P0DUIgy1hy1qv5q2h7j62i03c01l102.jpg,https://wx1.sinaimg.cn/large/001P0DUIgy1hy1qvd11dpj62m83xc4qt02.jpg,https://wx2.sinaimg.cn/large/001P0DUIgy1hy1qviqphfj62m83xchdx02.jpg",,,2025-01-29,moto razr 50 Ultra,10091571,1000000,1000000,,
5127836698150222,PbG9Tycfc,背着我的小福袋来喽祝大家蛇年大吉，巳巳如意[招财进宝] ,"https://wx1.sinaimg.cn/large/001P0DUIgy1hy0l0ayrzqj62ez37zkjn02.jpg,https://wx1.sinaimg.cn/large/001P0DUIgy1hy0l0ex92wj62ez37znpe02.jpg,https://wx2.sinaimg.cn/large/001P0DUIgy1hy0l0i1bz1j62ez37zb2b02.jpg,https://wx4.sinaimg.cn/large/001P0DUIgy1hy0l0lxd57j62ez37ze8402.jpg,https://wx3.sinaimg.cn/large/001P0DUIgy1hy0l0pindmj62ez37z7wk02.jpg,https://wx3.sinaimg.cn/large/001P0DUIgy1hy0l0t15qyj62ez37zx6r02.jpg",,,2025-01-28,moto razr 50 Ultra,10039228,1000000,1000000,,
5126319060289025,Pb2G61dbH,库存真的不多了 ,"https://wx3.sinaimg.cn/large/001P0DUIgy1hxvqpu4qtoj61sc2dsnpe02.jpg,https://wx2.sinaimg.cn/large/001P0DUIgy1hxvqpw58rtj61sc2dsx6p02.jpg,https://wx3.sinaimg.cn/large/001P0DUIgy1hxvqpxmubgj61sc2ds7wi02.jpg,https://wx2.sinaimg.cn/large/001P0DUIgy1hxvqpzbpzxj61sc2dsqv602.jpg",,,2025-01-24,moto razr 50 Ultra,7081177,1000000,1000000,,
5121956434936194,P9dbBkI82,很内向，拍照只比 ,"https://wx2.sinaimg.cn/large/001P0DUIgy1hxhto9hwj7j631r42cu1002.jpg,https://wx1.sinaimg.cn/large/001P0DUIgy1hxhtoeh2n3j61sc2dshdu02.jpg,https://wx1.sinaimg.cn/large/001P0DUIgy1hxhtolr04xj61sc2dsqv602.jpg,https://wx3.sinaimg.cn/large/001P0DUIgy1hxhtogz638j61sc2dsb2a02.jpg,https://wx4.sinaimg.cn/large/001P0DUIgy1hxhtojbru0j61sc2dsu0y02.jpg,https://wx2.sinaimg.cn/large/001P0DUIgy1hxhtobw653j61sc2dse8202.jpg",,,2025-01-12,moto razr 50 Ultra,8845001,1000000,1000000,,
5117996536169672,P7yaFpT0Q,2025第一页已翻开[气运之子]大家元旦快乐呀！ ,"https://wx2.sinaimg.cn/large/001P0DUIgy1hx56vt24lkj61mo268b2a02.jpg,https://wx4.sinaimg.cn/large/001P0DUIgy1hx56vvnpigj61mo268u0x02.jpg,https://wx1.sinaimg.cn/large/001P0DUIgy1hx56w3k0erj61mo268e8202.jpg,https://wx4.sinaimg.cn/large/001P0DUIgy1hx56w7xaolj62681mou0x02.jpg",,,2025-01-01,moto razr 50 Ultra,10196909,1000000,1000000,,
id,bid,正文,原始图片url,视频url,位置,日期,工具,点赞数,评论数,转发数,话题,@用户
5150968207900959,PlnUMx9oP,Biu biu biu～ ,"https://wx2.sinaimg.cn/large/001P0DUIgy1i02dmkdh2pj62c0340kjo02.jpg,https://wx1.sinaimg.cn/large/001P0DUIgy1i02dmpcef2j62c03404qs02.jpg,https://wx4.sinaimg.cn/large/001P0DUIgy1i02dmveow0j62c0340x6s02.jpg,https://wx1.sinaimg.cn/large/001P0DUIgy1i02dn11xf0j62c0340kjo02.jpg",,,2025-04-02,moto razr 50 Ultra,4695891,1000000,1000000,,
5147005475881428,PjIPhoG1K,春日下午茶时光 ,"https://wx3.sinaimg.cn/large/001P0DUIgy1hzpqgngjghj65yo3z44qy02.jpg,https://wx2.sinaimg.cn/large/001P0DUIgy1hzpqf192luj65yo3z4u1302.jpg,https://wx1.sinaimg.cn/large/001P0DUIgy1hzpqixnt5ij65yo3z4he302.jpg,https://wx2.sinaimg.cn/large/001P0DUIgy1hzpqh49ajjj63z45yo1l702.jpg,https://wx1.sinaimg.cn/large/001P0DUIgy1hzpqfefkxgj65yo3z4he102.jpg,https://wx4.sinaimg.cn/large/001P0DUIgy1hzpqfxuqq5j65yo3z4b2g02.jpg,https://wx3.sinaimg.cn/large/001P0DUIgy1hzpqhs722pj65yo3z47wq02.jpg,https://wx2.sinaimg.cn/large/001P0DUIgy1hzpqia036sj65yo3z4he502.jpg,https://wx1.sinaimg.cn/large/001P0DUIgy1hzpqegga84j62c0340hdy02.jpg",,,2025-03-22,moto razr 50 Ultra,5348389,1000000,1000000,,
5145863605458679,Pjf7ymU3d,置身繁花中，与@DIOR迪奥 共度美好春日时光～ ,"https://wx1.sinaimg.cn/large/001P0DUIly1hzm3drwsr9j64ec2xkhdw02.jpg,https://wx1.sinaimg.cn/large/001P0DUIly1hzm3dcjbk0j65yo3z4x6x02.jpg,https://wx4.sinaimg.cn/large/001P0DUIly1hzm3desqz8j62ws4d6qv902.jpg,https://wx2.sinaimg.cn/large/001P0DUIly1hzm3dj6sj8j64qa35ju1002.jpg,https://wx3.sinaimg.cn/large/001P0DUIly1hzm3du70gzj64mo3344qs02.jpg,https://wx1.sinaimg.cn/large/001P0DUIly1hzm3dhar9jj64d62wsx6t02.jpg,https://wx4.sinaimg.cn/large/001P0DUIly1hzm3dmj6gbj63z45yokjt02.jpg,https://wx3.sinaimg.cn/large/001P0DUIly1hzm3do24h1j62i03c0u0z02.jpg,https://wx4.sinaimg.cn/large/001P0DUIly1hzm3dpqrnjj641s2p7u0y02.jpg",,,2025-03-19,moto razr 50 Ultra,4102142,1000000,1000000,,DIOR迪奥
5143675223413356,PikbUejY8,很高兴解锁「淳茶舍」大中华区品牌代言人新身份，送上当家冷萃茶！一滴、一滴、超过一万滴，回甘「斗」茶大会开始！#淳茶舍给你一万滴的回甘##迪丽热巴淳茶舍大中华区品牌代言人#淳茶舍官方微博的微博视频 ,,,,2025-03-13,微博视频号,4610448,1000000,1000000,"淳茶舍给你一万滴的回甘,迪丽热巴淳茶舍大中华区品牌代言人",
5141187578824928,PhhtzB1Ly,工作随拍存档 ,"https://wx2.sinaimg.cn/large/001P0DUIgy1hz76cem64sj62de35v1kz02.jpg,https://wx4.sinaimg.cn/large/001P0DUIgy1hz76ciore0j621s2qd1ky02.jpg,https://wx1.sinaimg.cn/large/001P0DUIgy1hz76cll3sej627p2yahdu02.jpg",,,2025-03-06,moto razr 50 Ultra,6017316,1000000,1000000,,
5130242349334606,PcGJYDama,新年收到的礼物，包开心的#DiorDJourney# ,"https://wx2.sinaimg.cn/large/001P0DUIly1hy89azifj8j63b04eou1002.jpg,https://wx2.sinaimg.cn/large/001P0DUIly1hy89b2k2j2j63b04eohdw02.jpg",,,2025-02-04,moto razr 50 Ultra,5295530,1000000,1000000,DiorDJourney,
5129917212133195,Pcyhz8WWn,灵主下班啦～烟火人间，又是新篇#慕胥辞官宣杀青##慕胥辞# ,"https://wx2.sinaimg.cn/large/001P0DUIly1hy77yk3sbdj62dw36j1kz02.jpg,https://wx4.sinaimg.cn/large/001P0DUIly1hy77ylgpkoj625g2v9x6p02.jpg,https://wx2.sinaimg.cn/large/001P0DUIly1hy77yovxv1j62v14ajkjn02.jpg,https://wx1.sinaimg.cn/large/001P0DUIly1hy77yryh99j64tc2pkkjq02.jpg",,,2025-02-03,moto razr 50 Ultra,8009480,1000000,1000000,"慕胥辞官宣杀青,慕胥辞",
5128201212266306,PbPDP9vzk,烟花噼里啪啦，过年嘻嘻哈哈[巳升升]祝大家新的一年红红火火！ ,"https://wx1.sinaimg.cn/large/001P0DUIgy1hy1qv5q2h7j62i03c01l102.jpg,https://wx1.sinaimg.cn/large/001P0DUIgy1hy1qvd11dpj62m83xc4qt02.jpg,https://wx2.sinaimg.cn/large/001P0DUIgy1hy1qviqphfj62m83xchdx02.jpg",,,2025-01-29,moto razr 50 Ultra,10091571,1000000,1000000,,
5127836698150222,PbG9Tycfc,背着我的小福袋来喽祝大家蛇年大吉，巳巳如意[招财进宝] ,"https://wx1.sinaimg.cn/large/001P0DUIgy1hy0l0ayrzqj62ez37zkjn02.jpg,https://wx1.sinaimg.cn/large/001P0DUIgy1hy0l0ex92wj62ez37znpe02.jpg,https://wx2.sinaimg.cn/large/001P0DUIgy1hy0l0i1bz1j62ez37zb2b02.jpg,https://wx4.sinaimg.cn/large/001P0DUIgy1hy0l0lxd57j62ez37ze8402.jpg,https://wx3.sinaimg.cn/large/001P0DUIgy1hy0l0pindmj62ez37z7wk02.jpg,https://wx3.sinaimg.cn/large/001P0DUIgy1hy0l0t15qyj62ez37zx6r02.jpg",,,2025-01-28,moto razr 50 Ultra,10039228,1000000,1000000,,
5126319060289025,Pb2G61dbH,库存真的不多了 ,"https://wx3.sinaimg.cn/large/001P0DUIgy1hxvqpu4qtoj61sc2dsnpe02.jpg,https://wx2.sinaimg.cn/large/001P0DUIgy1hxvqpw58rtj61sc2dsx6p02.jpg,https://wx3.sinaimg.cn/large/001P0DUIgy1hxvqpxmubgj61sc2ds7wi02.jpg,https://wx2.sinaimg.cn/large/001P0DUIgy1hxvqpzbpzxj61sc2dsqv602.jpg",,,2025-01-24,moto razr 50 Ultra,7081177,1000000,1000000,,
5121956434936194,P9dbBkI82,很内向，拍照只比 ,"https://wx2.sinaimg.cn/large/001P0DUIgy1hxhto9hwj7j631r42cu1002.jpg,https://wx1.sinaimg.cn/large/001P0DUIgy1hxhtoeh2n3j61sc2dshdu02.jpg,https://wx1.sinaimg.cn/large/001P0DUIgy1hxhtolr04xj61sc2dsqv602.jpg,https://wx3.sinaimg.cn/large/001P0DUIgy1hxhtogz638j61sc2dsb2a02.jpg,https://wx4.sinaimg.cn/large/001P0DUIgy1hxhtojbru0j61sc2dsu0y02.jpg,https://wx2.sinaimg.cn/large/001P0DUIgy1hxhtobw653j61sc2dse8202.jpg",,,2025-01-12,moto razr 50 Ultra,8845001,1000000,1000000,,
5117996536169672,P7yaFpT0Q,2025第一页已翻开[气运之子]大家元旦快乐呀！ ,"https://wx2.sinaimg.cn/large/001P0DUIgy1hx56vt24lkj61mo268b2a02.jpg,https://wx4.sinaimg.cn/large/001P0DUIgy1hx56vvnpigj61mo268u0x02.jpg,https://wx1.sinaimg.cn/large/001P0DUIgy1hx56w3k0erj61mo268e8202.jpg,https://wx4.sinaimg.cn/large/001P0DUIgy1hx56w7xaolj62681mou0x02.jpg",,,2025-01-01,moto razr 50 Ultra,10196909,1000000,1000000,,
id,bid,正文,原始图片url,视频url,位置,日期,工具,点赞数,评论数,转发数,话题,@用户
5150968207900959,PlnUMx9oP,Biu biu biu～ ,"https://wx2.sinaimg.cn/large/001P0DUIgy1i02dmkdh2pj62c0340kjo02.jpg,https://wx1.sinaimg.cn/large/001P0DUIgy1i02dmpcef2j62c03404qs02.jpg,https://wx4.sinaimg.cn/large/001P0DUIgy1i02dmveow0j62c0340x6s02.jpg,https://wx1.sinaimg.cn/large/001P0DUIgy1i02dn11xf0j62c0340kjo02.jpg",,,2025-04-02,moto razr 50 Ultra,4696525,1000000,1000000,,
5147005475881428,PjIPhoG1K,春日下午茶时光 ,"https://wx3.sinaimg.cn/large/001P0DUIgy1hzpqgngjghj65yo3z44qy02.jpg,https://wx2.sinaimg.cn/large/001P0DUIgy1hzpqf192luj65yo3z4u1302.jpg,https://wx1.sinaimg.cn/large/001P0DUIgy1hzpqixnt5ij65yo3z4he302.jpg,https://wx2.sinaimg.cn/large/001P0DUIgy1hzpqh49ajjj63z45yo1l702.jpg,https://wx1.sinaimg.cn/large/001P0DUIgy1hzpqfefkxgj65yo3z4he102.jpg,https://wx4.sinaimg.cn/large/001P0DUIgy1hzpqfxuqq5j65yo3z4b2g02.jpg,https://wx3.sinaimg.cn/large/001P0DUIgy1hzpqhs722pj65yo3z47wq02.jpg,https://wx2.sinaimg.cn/large/001P0DUIgy1hzpqia036sj65yo3z4he502.jpg,https://wx1.sinaimg.cn/large/001P0DUIgy1hzpqegga84j62c0340hdy02.jpg",,,2025-03-22,moto razr 50 Ultra,5348391,1000000,1000000,,
5145863605458679,Pjf7ymU3d,置身繁花中，与@DIOR迪奥 共度美好春日时光～ ,"https://wx1.sinaimg.cn/large/001P0DUIly1hzm3drwsr9j64ec2xkhdw02.jpg,https://wx1.sinaimg.cn/large/001P0DUIly1hzm3dcjbk0j65yo3z4x6x02.jpg,https://wx4.sinaimg.cn/large/001P0DUIly1hzm3desqz8j62ws4d6qv902.jpg,https://wx2.sinaimg.cn/large/001P0DUIly1hzm3dj6sj8j64qa35ju1002.jpg,https://wx3.sinaimg.cn/large/001P0DUIly1hzm3du70gzj64mo3344qs02.jpg,https://wx1.sinaimg.cn/large/001P0DUIly1hzm3dhar9jj64d62wsx6t02.jpg,https://wx4.sinaimg.cn/large/001P0DUIly1hzm3dmj6gbj63z45yokjt02.jpg,https://wx3.sinaimg.cn/large/001P0DUIly1hzm3do24h1j62i03c0u0z02.jpg,https://wx4.sinaimg.cn/large/001P0DUIly1hzm3dpqrnjj641s2p7u0y02.jpg",,,2025-03-19,moto razr 50 Ultra,4106050,1000000,1000000,,DIOR迪奥
5143675223413356,PikbUejY8,很高兴解锁「淳茶舍」大中华区品牌代言人新身份，送上当家冷萃茶！一滴、一滴、超过一万滴，回甘「斗」茶大会开始！#淳茶舍给你一万滴的回甘##迪丽热巴淳茶舍大中华区品牌代言人#淳茶舍官方微博的微博视频 ,,,,2025-03-13,微博视频号,4610448,1000000,1000000,"淳茶舍给你一万滴的回甘,迪丽热巴淳茶舍大中华区品牌代言人",
5141187578824928,PhhtzB1Ly,工作随拍存档 ,"https://wx2.sinaimg.cn/large/001P0DUIgy1hz76cem64sj62de35v1kz02.jpg,https://wx4.sinaimg.cn/large/001P0DUIgy1hz76ciore0j621s2qd1ky02.jpg,https://wx1.sinaimg.cn/large/001P0DUIgy1hz76cll3sej627p2yahdu02.jpg",,,2025-03-06,moto razr 50 Ultra,6017317,1000000,1000000,,
5130242349334606,PcGJYDama,新年收到的礼物，包开心的#DiorDJourney# ,"https://wx2.sinaimg.cn/large/001P0DUIly1hy89azifj8j63b04eou1002.jpg,https://wx2.sinaimg.cn/large/001P0DUIly1hy89b2k2j2j63b04eohdw02.jpg",,,2025-02-04,moto razr 50 Ultra,5295530,1000000,1000000,DiorDJourney,
5129917212133195,Pcyhz8WWn,灵主下班啦～烟火人间，又是新篇#慕胥辞官宣杀青##慕胥辞# ,"https://wx2.sinaimg.cn/large/001P0DUIly1hy77yk3sbdj62dw36j1kz02.jpg,https://wx4.sinaimg.cn/large/001P0DUIly1hy77ylgpkoj625g2v9x6p02.jpg,https://wx2.sinaimg.cn/large/001P0DUIly1hy77yovxv1j62v14ajkjn02.jpg,https://wx1.sinaimg.cn/large/001P0DUIly1hy77yryh99j64tc2pkkjq02.jpg",,,2025-02-03,moto razr 50 Ultra,8009480,1000000,1000000,"慕胥辞官宣杀青,慕胥辞",
5128201212266306,PbPDP9vzk,烟花噼里啪啦，过年嘻嘻哈哈[巳升升]祝大家新的一年红红火火！ ,"https://wx1.sinaimg.cn/large/001P0DUIgy1hy1qv5q2h7j62i03c01l102.jpg,https://wx1.sinaimg.cn/large/001P0DUIgy1hy1qvd11dpj62m83xc4qt02.jpg,https://wx2.sinaimg.cn/large/001P0DUIgy1hy1qviqphfj62m83xchdx02.jpg",,,2025-01-29,moto razr 50 Ultra,10091571,1000000,1000000,,
5127836698150222,PbG9Tycfc,背着我的小福袋来喽祝大家蛇年大吉，巳巳如意[招财进宝] ,"https://wx1.sinaimg.cn/large/001P0DUIgy1hy0l0ayrzqj62ez37zkjn02.jpg,https://wx1.sinaimg.cn/large/001P0DUIgy1hy0l0ex92wj62ez37znpe02.jpg,https://wx2.sinaimg.cn/large/001P0DUIgy1hy0l0i1bz1j62ez37zb2b02.jpg,https://wx4.sinaimg.cn/large/001P0DUIgy1hy0l0lxd57j62ez37ze8402.jpg,https://wx3.sinaimg.cn/large/001P0DUIgy1hy0l0pindmj62ez37z7wk02.jpg,https://wx3.sinaimg.cn/large/001P0DUIgy1hy0l0t15qyj62ez37zx6r02.jpg",,,2025-01-28,moto razr 50 Ultra,10039228,1000000,1000000,,
5126319060289025,Pb2G61dbH,库存真的不多了 ,"https://wx3.sinaimg.cn/large/001P0DUIgy1hxvqpu4qtoj61sc2dsnpe02.jpg,https://wx2.sinaimg.cn/large/001P0DUIgy1hxvqpw58rtj61sc2dsx6p02.jpg,https://wx3.sinaimg.cn/large/001P0DUIgy1hxvqpxmubgj61sc2ds7wi02.jpg,https://wx2.sinaimg.cn/large/001P0DUIgy1hxvqpzbpzxj61sc2dsqv602.jpg",,,2025-01-24,moto razr 50 Ultra,7081177,1000000,1000000,,
5121956434936194,P9dbBkI82,很内向，拍照只比 ,"https://wx2.sinaimg.cn/large/001P0DUIgy1hxhto9hwj7j631r42cu1002.jpg,https://wx1.sinaimg.cn/large/001P0DUIgy1hxhtoeh2n3j61sc2dshdu02.jpg,https://wx1.sinaimg.cn/large/001P0DUIgy1hxhtolr04xj61sc2dsqv602.jpg,https://wx3.sinaimg.cn/large/001P0DUIgy1hxhtogz638j61sc2dsb2a02.jpg,https://wx4.sinaimg.cn/large/001P0DUIgy1hxhtojbru0j61sc2dsu0y02.jpg,https://wx2.sinaimg.cn/large/001P0DUIgy1hxhtobw653j61sc2dse8202.jpg",,,2025-01-12,moto razr 50 Ultra,8845022,1000000,1000000,,
5117996536169672,P7yaFpT0Q,2025第一页已翻开[气运之子]大家元旦快乐呀！ ,"https://wx2.sinaimg.cn/large/001P0DUIgy1hx56vt24lkj61mo268b2a02.jpg,https://wx4.sinaimg.cn/large/001P0DUIgy1hx56vvnpigj61mo268u0x02.jpg,https://wx1.sinaimg.cn/large/001P0DUIgy1hx56w3k0erj61mo268e8202.jpg,https://wx4.sinaimg.cn/large/001P0DUIgy1hx56w7xaolj62681mou0x02.jpg",,,2025-01-01,moto razr 50 Ultra,10196909,1000000,1000000,,
id,bid,正文,原始图片url,视频url,位置,日期,工具,点赞数,评论数,转发数,话题,@用户
5150968207900959,PlnUMx9oP,Biu biu biu～ ,"https://wx2.sinaimg.cn/large/001P0DUIgy1i02dmkdh2pj62c0340kjo02.jpg,https://wx1.sinaimg.cn/large/001P0DUIgy1i02dmpcef2j62c03404qs02.jpg,https://wx4.sinaimg.cn/large/001P0DUIgy1i02dmveow0j62c0340x6s02.jpg,https://wx1.sinaimg.cn/large/001P0DUIgy1i02dn11xf0j62c0340kjo02.jpg",,,2025-04-02,moto razr 50 Ultra,4696620,1000000,1000000,,
5147005475881428,PjIPhoG1K,春日下午茶时光 ,"https://wx3.sinaimg.cn/large/001P0DUIgy1hzpqgngjghj65yo3z44qy02.jpg,https://wx2.sinaimg.cn/large/001P0DUIgy1hzpqf192luj65yo3z4u1302.jpg,https://wx1.sinaimg.cn/large/001P0DUIgy1hzpqixnt5ij65yo3z4he302.jpg,https://wx2.sinaimg.cn/large/001P0DUIgy1hzpqh49ajjj63z45yo1l702.jpg,https://wx1.sinaimg.cn/large/001P0DUIgy1hzpqfefkxgj65yo3z4he102.jpg,https://wx4.sinaimg.cn/large/001P0DUIgy1hzpqfxuqq5j65yo3z4b2g02.jpg,https://wx3.sinaimg.cn/large/001P0DUIgy1hzpqhs722pj65yo3z47wq02.jpg,https://wx2.sinaimg.cn/large/001P0DUIgy1hzpqia036sj65yo3z4he502.jpg,https://wx1.sinaimg.cn/large/001P0DUIgy1hzpqegga84j62c0340hdy02.jpg",,,2025-03-22,moto razr 50 Ultra,5348396,1000000,1000000,,
5145863605458679,Pjf7ymU3d,置身繁花中，与@DIOR迪奥 共度美好春日时光～ ,"https://wx1.sinaimg.cn/large/001P0DUIly1hzm3drwsr9j64ec2xkhdw02.jpg,https://wx1.sinaimg.cn/large/001P0DUIly1hzm3dcjbk0j65yo3z4x6x02.jpg,https://wx4.sinaimg.cn/large/001P0DUIly1hzm3desqz8j62ws4d6qv902.jpg,https://wx2.sinaimg.cn/large/001P0DUIly1hzm3dj6sj8j64qa35ju1002.jpg,https://wx3.sinaimg.cn/large/001P0DUIly1hzm3du70gzj64mo3344qs02.jpg,https://wx1.sinaimg.cn/large/001P0DUIly1hzm3dhar9jj64d62wsx6t02.jpg,https://wx4.sinaimg.cn/large/001P0DUIly1hzm3dmj6gbj63z45yokjt02.jpg,https://wx3.sinaimg.cn/large/001P0DUIly1hzm3do24h1j62i03c0u0z02.jpg,https://wx4.sinaimg.cn/large/001P0DUIly1hzm3dpqrnjj641s2p7u0y02.jpg",,,2025-03-19,moto razr 50 Ultra,4106059,1000000,1000000,,DIOR迪奥
5143675223413356,PikbUejY8,很高兴解锁「淳茶舍」大中华区品牌代言人新身份，送上当家冷萃茶！一滴、一滴、超过一万滴，回甘「斗」茶大会开始！#淳茶舍给你一万滴的回甘##迪丽热巴淳茶舍大中华区品牌代言人#淳茶舍官方微博的微博视频 ,,,,2025-03-13,微博视频号,4610449,1000000,1000000,"淳茶舍给你一万滴的回甘,迪丽热巴淳茶舍大中华区品牌代言人",
5141187578824928,PhhtzB1Ly,工作随拍存档 ,"https://wx2.sinaimg.cn/large/001P0DUIgy1hz76cem64sj62de35v1kz02.jpg,https://wx4.sinaimg.cn/large/001P0DUIgy1hz76ciore0j621s2qd1ky02.jpg,https://wx1.sinaimg.cn/large/001P0DUIgy1hz76cll3sej627p2yahdu02.jpg",,,2025-03-06,moto razr 50 Ultra,6017319,1000000,1000000,,
5130242349334606,PcGJYDama,新年收到的礼物，包开心的#DiorDJourney# ,"https://wx2.sinaimg.cn/large/001P0DUIly1hy89azifj8j63b04eou1002.jpg,https://wx2.sinaimg.cn/large/001P0DUIly1hy89b2k2j2j63b04eohdw02.jpg",,,2025-02-04,moto razr 50 Ultra,5295530,1000000,1000000,DiorDJourney,
5129917212133195,Pcyhz8WWn,灵主下班啦～烟火人间，又是新篇#慕胥辞官宣杀青##慕胥辞# ,"https://wx2.sinaimg.cn/large/001P0DUIly1hy77yk3sbdj62dw36j1kz02.jpg,https://wx4.sinaimg.cn/large/001P0DUIly1hy77ylgpkoj625g2v9x6p02.jpg,https://wx2.sinaimg.cn/large/001P0DUIly1hy77yovxv1j62v14ajkjn02.jpg,https://wx1.sinaimg.cn/large/001P0DUIly1hy77yryh99j64tc2pkkjq02.jpg",,,2025-02-03,moto razr 50 Ultra,8009480,1000000,1000000,"慕胥辞官宣杀青,慕胥辞",
5128201212266306,PbPDP9vzk,烟花噼里啪啦，过年嘻嘻哈哈[巳升升]祝大家新的一年红红火火！ ,"https://wx1.sinaimg.cn/large/001P0DUIgy1hy1qv5q2h7j62i03c01l102.jpg,https://wx1.sinaimg.cn/large/001P0DUIgy1hy1qvd11dpj62m83xc4qt02.jpg,https://wx2.sinaimg.cn/large/001P0DUIgy1hy1qviqphfj62m83xchdx02.jpg",,,2025-01-29,moto razr 50 Ultra,10091571,1000000,1000000,,
5127836698150222,PbG9Tycfc,背着我的小福袋来喽祝大家蛇年大吉，巳巳如意[招财进宝] ,"https://wx1.sinaimg.cn/large/001P0DUIgy1hy0l0ayrzqj62ez37zkjn02.jpg,https://wx1.sinaimg.cn/large/001P0DUIgy1hy0l0ex92wj62ez37znpe02.jpg,https://wx2.sinaimg.cn/large/001P0DUIgy1hy0l0i1bz1j62ez37zb2b02.jpg,https://wx4.sinaimg.cn/large/001P0DUIgy1hy0l0lxd57j62ez37ze8402.jpg,https://wx3.sinaimg.cn/large/001P0DUIgy1hy0l0pindmj62ez37z7wk02.jpg,https://wx3.sinaimg.cn/large/001P0DUIgy1hy0l0t15qyj62ez37zx6r02.jpg",,,2025-01-28,moto razr 50 Ultra,10039228,1000000,1000000,,
5126319060289025,Pb2G61dbH,库存真的不多了 ,"https://wx3.sinaimg.cn/large/001P0DUIgy1hxvqpu4qtoj61sc2dsnpe02.jpg,https://wx2.sinaimg.cn/large/001P0DUIgy1hxvqpw58rtj61sc2dsx6p02.jpg,https://wx3.sinaimg.cn/large/001P0DUIgy1hxvqpxmubgj61sc2ds7wi02.jpg,https://wx2.sinaimg.cn/large/001P0DUIgy1hxvqpzbpzxj61sc2dsqv602.jpg",,,2025-01-24,moto razr 50 Ultra,7081177,1000000,1000000,,
5121956434936194,P9dbBkI82,很内向，拍照只比 ,"https://wx2.sinaimg.cn/large/001P0DUIgy1hxhto9hwj7j631r42cu1002.jpg,https://wx1.sinaimg.cn/large/001P0DUIgy1hxhtoeh2n3j61sc2dshdu02.jpg,https://wx1.sinaimg.cn/large/001P0DUIgy1hxhtolr04xj61sc2dsqv602.jpg,https://wx3.sinaimg.cn/large/001P0DUIgy1hxhtogz638j61sc2dsb2a02.jpg,https://wx4.sinaimg.cn/large/001P0DUIgy1hxhtojbru0j61sc2dsu0y02.jpg,https://wx2.sinaimg.cn/large/001P0DUIgy1hxhtobw653j61sc2dse8202.jpg",,,2025-01-12,moto razr 50 Ultra,8845053,1000000,1000000,,
5117996536169672,P7yaFpT0Q,2025第一页已翻开[气运之子]大家元旦快乐呀！ ,"https://wx2.sinaimg.cn/large/001P0DUIgy1hx56vt24lkj61mo268b2a02.jpg,https://wx4.sinaimg.cn/large/001P0DUIgy1hx56vvnpigj61mo268u0x02.jpg,https://wx1.sinaimg.cn/large/001P0DUIgy1hx56w3k0erj61mo268e8202.jpg,https://wx4.sinaimg.cn/large/001P0DUIgy1hx56w7xaolj62681mou0x02.jpg",,,2025-01-01,moto razr 50 Ultra,10196909,1000000,1000000,,
id,bid,正文,原始图片url,视频url,位置,日期,工具,点赞数,评论数,转发数,话题,@用户
5150968207900959,PlnUMx9oP,Biu biu biu～ ,"https://wx2.sinaimg.cn/large/001P0DUIgy1i02dmkdh2pj62c0340kjo02.jpg,https://wx1.sinaimg.cn/large/001P0DUIgy1i02dmpcef2j62c03404qs02.jpg,https://wx4.sinaimg.cn/large/001P0DUIgy1i02dmveow0j62c0340x6s02.jpg,https://wx1.sinaimg.cn/large/001P0DUIgy1i02dn11xf0j62c0340kjo02.jpg",,,2025-04-02,moto razr 50 Ultra,4697006,1000000,1000000,,
5147005475881428,PjIPhoG1K,春日下午茶时光 ,"https://wx3.sinaimg.cn/large/001P0DUIgy1hzpqgngjghj65yo3z44qy02.jpg,https://wx2.sinaimg.cn/large/001P0DUIgy1hzpqf192luj65yo3z4u1302.jpg,https://wx1.sinaimg.cn/large/001P0DUIgy1hzpqixnt5ij65yo3z4he302.jpg,https://wx2.sinaimg.cn/large/001P0DUIgy1hzpqh49ajjj63z45yo1l702.jpg,https://wx1.sinaimg.cn/large/001P0DUIgy1hzpqfefkxgj65yo3z4he102.jpg,https://wx4.sinaimg.cn/large/001P0DUIgy1hzpqfxuqq5j65yo3z4b2g02.jpg,https://wx3.sinaimg.cn/large/001P0DUIgy1hzpqhs722pj65yo3z47wq02.jpg,https://wx2.sinaimg.cn/large/001P0DUIgy1hzpqia036sj65yo3z4he502.jpg,https://wx1.sinaimg.cn/large/001P0DUIgy1hzpqegga84j62c0340hdy02.jpg",,,2025-03-22,moto razr 50 Ultra,5348435,1000000,1000000,,
5145863605458679,Pjf7ymU3d,置身繁花中，与@DIOR迪奥 共度美好春日时光～ ,"https://wx1.sinaimg.cn/large/001P0DUIly1hzm3drwsr9j64ec2xkhdw02.jpg,https://wx1.sinaimg.cn/large/001P0DUIly1hzm3dcjbk0j65yo3z4x6x02.jpg,https://wx4.sinaimg.cn/large/001P0DUIly1hzm3desqz8j62ws4d6qv902.jpg,https://wx2.sinaimg.cn/large/001P0DUIly1hzm3dj6sj8j64qa35ju1002.jpg,https://wx3.sinaimg.cn/large/001P0DUIly1hzm3du70gzj64mo3344qs02.jpg,https://wx1.sinaimg.cn/large/001P0DUIly1hzm3dhar9jj64d62wsx6t02.jpg,https://wx4.sinaimg.cn/large/001P0DUIly1hzm3dmj6gbj63z45yokjt02.jpg,https://wx3.sinaimg.cn/large/001P0DUIly1hzm3do24h1j62i03c0u0z02.jpg,https://wx4.sinaimg.cn/large/001P0DUIly1hzm3dpqrnjj641s2p7u0y02.jpg",,,2025-03-19,moto razr 50 Ultra,4114451,1000000,1000000,,DIOR迪奥
5143675223413356,PikbUejY8,很高兴解锁「淳茶舍」大中华区品牌代言人新身份，送上当家冷萃茶！一滴、一滴、超过一万滴，回甘「斗」茶大会开始！#淳茶舍给你一万滴的回甘##迪丽热巴淳茶舍大中华区品牌代言人#淳茶舍官方微博的微博视频 ,,,,2025-03-13,微博视频号,4610454,1000000,1000000,"淳茶舍给你一万滴的回甘,迪丽热巴淳茶舍大中华区品牌代言人",
5141187578824928,PhhtzB1Ly,工作随拍存档 ,"https://wx2.sinaimg.cn/large/001P0DUIgy1hz76cem64sj62de35v1kz02.jpg,https://wx4.sinaimg.cn/large/001P0DUIgy1hz76ciore0j621s2qd1ky02.jpg,https://wx1.sinaimg.cn/large/001P0DUIgy1hz76cll3sej627p2yahdu02.jpg",,,2025-03-06,moto razr 50 Ultra,6017333,1000000,1000000,,
5130242349334606,PcGJYDama,新年收到的礼物，包开心的#DiorDJourney# ,"https://wx2.sinaimg.cn/large/001P0DUIly1hy89azifj8j63b04eou1002.jpg,https://wx2.sinaimg.cn/large/001P0DUIly1hy89b2k2j2j63b04eohdw02.jpg",,,2025-02-04,moto razr 50 Ultra,5295535,1000000,1000000,DiorDJourney,
5129917212133195,Pcyhz8WWn,灵主下班啦～烟火人间，又是新篇#慕胥辞官宣杀青##慕胥辞# ,"https://wx2.sinaimg.cn/large/001P0DUIly1hy77yk3sbdj62dw36j1kz02.jpg,https://wx4.sinaimg.cn/large/001P0DUIly1hy77ylgpkoj625g2v9x6p02.jpg,https://wx2.sinaimg.cn/large/001P0DUIly1hy77yovxv1j62v14ajkjn02.jpg,https://wx1.sinaimg.cn/large/001P0DUIly1hy77yryh99j64tc2pkkjq02.jpg",,,2025-02-03,moto razr 50 Ultra,8009491,1000000,1000000,"慕胥辞官宣杀青,慕胥辞",
5128201212266306,PbPDP9vzk,烟花噼里啪啦，过年嘻嘻哈哈[巳升升]祝大家新的一年红红火火！ ,"https://wx1.sinaimg.cn/large/001P0DUIgy1hy1qv5q2h7j62i03c01l102.jpg,https://wx1.sinaimg.cn/large/001P0DUIgy1hy1qvd11dpj62m83xc4qt02.jpg,https://wx2.sinaimg.cn/large/001P0DUIgy1hy1qviqphfj62m83xchdx02.jpg",,,2025-01-29,moto razr 50 Ultra,10091575,1000000,1000000,,
5127836698150222,PbG9Tycfc,背着我的小福袋来喽祝大家蛇年大吉，巳巳如意[招财进宝] ,"https://wx1.sinaimg.cn/large/001P0DUIgy1hy0l0ayrzqj62ez37zkjn02.jpg,https://wx1.sinaimg.cn/large/001P0DUIgy1hy0l0ex92wj62ez37znpe02.jpg,https://wx2.sinaimg.cn/large/001P0DUIgy1hy0l0i1bz1j62ez37zb2b02.jpg,https://wx4.sinaimg.cn/large/001P0DUIgy1hy0l0lxd57j62ez37ze8402.jpg,https://wx3.sinaimg.cn/large/001P0DUIgy1hy0l0pindmj62ez37z7wk02.jpg,https://wx3.sinaimg.cn/large/001P0DUIgy1hy0l0t15qyj62ez37zx6r02.jpg",,,2025-01-28,moto razr 50 Ultra,10039233,1000000,1000000,,
5126319060289025,Pb2G61dbH,库存真的不多了 ,"https://wx3.sinaimg.cn/large/001P0DUIgy1hxvqpu4qtoj61sc2dsnpe02.jpg,https://wx2.sinaimg.cn/large/001P0DUIgy1hxvqpw58rtj61sc2dsx6p02.jpg,https://wx3.sinaimg.cn/large/001P0DUIgy1hxvqpxmubgj61sc2ds7wi02.jpg,https://wx2.sinaimg.cn/large/001P0DUIgy1hxvqpzbpzxj61sc2dsqv602.jpg",,,2025-01-24,moto razr 50 Ultra,7081181,1000000,1000000,,
5121956434936194,P9dbBkI82,很内向，拍照只比 ,"https://wx2.sinaimg.cn/large/001P0DUIgy1hxhto9hwj7j631r42cu1002.jpg,https://wx1.sinaimg.cn/large/001P0DUIgy1hxhtoeh2n3j61sc2dshdu02.jpg,https://wx1.sinaimg.cn/large/001P0DUIgy1hxhtolr04xj61sc2dsqv602.jpg,https://wx3.sinaimg.cn/large/001P0DUIgy1hxhtogz638j61sc2dsb2a02.jpg,https://wx4.sinaimg.cn/large/001P0DUIgy1hxhtojbru0j61sc2dsu0y02.jpg,https://wx2.sinaimg.cn/large/001P0DUIgy1hxhtobw653j61sc2dse8202.jpg",,,2025-01-12,moto razr 50 Ultra,8845080,1000000,1000000,,
5117996536169672,P7yaFpT0Q,2025第一页已翻开[气运之子]大家元旦快乐呀！ ,"https://wx2.sinaimg.cn/large/001P0DUIgy1hx56vt24lkj61mo268b2a02.jpg,https://wx4.sinaimg.cn/large/001P0DUIgy1hx56vvnpigj61mo268u0x02.jpg,https://wx1.sinaimg.cn/large/001P0DUIgy1hx56w3k0erj61mo268e8202.jpg,https://wx4.sinaimg.cn/large/001P0DUIgy1hx56w7xaolj62681mou0x02.jpg",,,2025-01-01,moto razr 50 Ultra,10196910,1000000,1000000,,
id,bid,正文,原始图片url,视频url,位置,日期,工具,点赞数,评论数,转发数,话题,@用户
5150968207900959,PlnUMx9oP,Biu biu biu～ ,"https://wx2.sinaimg.cn/large/001P0DUIgy1i02dmkdh2pj62c0340kjo02.jpg,https://wx1.sinaimg.cn/large/001P0DUIgy1i02dmpcef2j62c03404qs02.jpg,https://wx4.sinaimg.cn/large/001P0DUIgy1i02dmveow0j62c0340x6s02.jpg,https://wx1.sinaimg.cn/large/001P0DUIgy1i02dn11xf0j62c0340kjo02.jpg",,,2025-04-02,moto razr 50 Ultra,4697059,1000000,1000000,,
5147005475881428,PjIPhoG1K,春日下午茶时光 ,"https://wx3.sinaimg.cn/large/001P0DUIgy1hzpqgngjghj65yo3z44qy02.jpg,https://wx2.sinaimg.cn/large/001P0DUIgy1hzpqf192luj65yo3z4u1302.jpg,https://wx1.sinaimg.cn/large/001P0DUIgy1hzpqixnt5ij65yo3z4he302.jpg,https://wx2.sinaimg.cn/large/001P0DUIgy1hzpqh49ajjj63z45yo1l702.jpg,https://wx1.sinaimg.cn/large/001P0DUIgy1hzpqfefkxgj65yo3z4he102.jpg,https://wx4.sinaimg.cn/large/001P0DUIgy1hzpqfxuqq5j65yo3z4b2g02.jpg,https://wx3.sinaimg.cn/large/001P0DUIgy1hzpqhs722pj65yo3z47wq02.jpg,https://wx2.sinaimg.cn/large/001P0DUIgy1hzpqia036sj65yo3z4he502.jpg,https://wx1.sinaimg.cn/large/001P0DUIgy1hzpqegga84j62c0340hdy02.jpg",,,2025-03-22,moto razr 50 Ultra,5348466,1000000,1000000,,
5145863605458679,Pjf7ymU3d,置身繁花中，与@DIOR迪奥 共度美好春日时光～ ,"https://wx1.sinaimg.cn/large/001P0DUIly1hzm3drwsr9j64ec2xkhdw02.jpg,https://wx1.sinaimg.cn/large/001P0DUIly1hzm3dcjbk0j65yo3z4x6x02.jpg,https://wx4.sinaimg.cn/large/001P0DUIly1hzm3desqz8j62ws4d6qv902.jpg,https://wx2.sinaimg.cn/large/001P0DUIly1hzm3dj6sj8j64qa35ju1002.jpg,https://wx3.sinaimg.cn/large/001P0DUIly1hzm3du70gzj64mo3344qs02.jpg,https://wx1.sinaimg.cn/large/001P0DUIly1hzm3dhar9jj64d62wsx6t02.jpg,https://wx4.sinaimg.cn/large/001P0DUIly1hzm3dmj6gbj63z45yokjt02.jpg,https://wx3.sinaimg.cn/large/001P0DUIly1hzm3do24h1j62i03c0u0z02.jpg,https://wx4.sinaimg.cn/large/001P0DUIly1hzm3dpqrnjj641s2p7u0y02.jpg",,,2025-03-19,moto razr 50 Ultra,4115283,1000000,1000000,,DIOR迪奥
5143675223413356,PikbUejY8,很高兴解锁「淳茶舍」大中华区品牌代言人新身份，送上当家冷萃茶！一滴、一滴、超过一万滴，回甘「斗」茶大会开始！#淳茶舍给你一万滴的回甘##迪丽热巴淳茶舍大中华区品牌代言人#淳茶舍官方微博的微博视频 ,,,,2025-03-13,微博视频号,4610455,1000000,1000000,"淳茶舍给你一万滴的回甘,迪丽热巴淳茶舍大中华区品牌代言人",
5141187578824928,PhhtzB1Ly,工作随拍存档 ,"https://wx2.sinaimg.cn/large/001P0DUIgy1hz76cem64sj62de35v1kz02.jpg,https://wx4.sinaimg.cn/large/001P0DUIgy1hz76ciore0j621s2qd1ky02.jpg,https://wx1.sinaimg.cn/large/001P0DUIgy1hz76cll3sej627p2yahdu02.jpg",,,2025-03-06,moto razr 50 Ultra,6017335,1000000,1000000,,
5130242349334606,PcGJYDama,新年收到的礼物，包开心的#DiorDJourney# ,"https://wx2.sinaimg.cn/large/001P0DUIly1hy89azifj8j63b04eou1002.jpg,https://wx2.sinaimg.cn/large/001P0DUIly1hy89b2k2j2j63b04eohdw02.jpg",,,2025-02-04,moto razr 50 Ultra,5295535,1000000,1000000,DiorDJourney,
5129917212133195,Pcyhz8WWn,灵主下班啦～烟火人间，又是新篇#慕胥辞官宣杀青##慕胥辞# ,"https://wx2.sinaimg.cn/large/001P0DUIly1hy77yk3sbdj62dw36j1kz02.jpg,https://wx4.sinaimg.cn/large/001P0DUIly1hy77ylgpkoj625g2v9x6p02.jpg,https://wx2.sinaimg.cn/large/001P0DUIly1hy77yovxv1j62v14ajkjn02.jpg,https://wx1.sinaimg.cn/large/001P0DUIly1hy77yryh99j64tc2pkkjq02.jpg",,,2025-02-03,moto razr 50 Ultra,8009491,1000000,1000000,"慕胥辞官宣杀青,慕胥辞",
5128201212266306,PbPDP9vzk,烟花噼里啪啦，过年嘻嘻哈哈[巳升升]祝大家新的一年红红火火！ ,"https://wx1.sinaimg.cn/large/001P0DUIgy1hy1qv5q2h7j62i03c01l102.jpg,https://wx1.sinaimg.cn/large/001P0DUIgy1hy1qvd11dpj62m83xc4qt02.jpg,https://wx2.sinaimg.cn/large/001P0DUIgy1hy1qviqphfj62m83xchdx02.jpg",,,2025-01-29,moto razr 50 Ultra,10091575,1000000,1000000,,
5127836698150222,PbG9Tycfc,背着我的小福袋来喽祝大家蛇年大吉，巳巳如意[招财进宝] ,"https://wx1.sinaimg.cn/large/001P0DUIgy1hy0l0ayrzqj62ez37zkjn02.jpg,https://wx1.sinaimg.cn/large/001P0DUIgy1hy0l0ex92wj62ez37znpe02.jpg,https://wx2.sinaimg.cn/large/001P0DUIgy1hy0l0i1bz1j62ez37zb2b02.jpg,https://wx4.sinaimg.cn/large/001P0DUIgy1hy0l0lxd57j62ez37ze8402.jpg,https://wx3.sinaimg.cn/large/001P0DUIgy1hy0l0pindmj62ez37z7wk02.jpg,https://wx3.sinaimg.cn/large/001P0DUIgy1hy0l0t15qyj62ez37zx6r02.jpg",,,2025-01-28,moto razr 50 Ultra,10039233,1000000,1000000,,
5126319060289025,Pb2G61dbH,库存真的不多了 ,"https://wx3.sinaimg.cn/large/001P0DUIgy1hxvqpu4qtoj61sc2dsnpe02.jpg,https://wx2.sinaimg.cn/large/001P0DUIgy1hxvqpw58rtj61sc2dsx6p02.jpg,https://wx3.sinaimg.cn/large/001P0DUIgy1hxvqpxmubgj61sc2ds7wi02.jpg,https://wx2.sinaimg.cn/large/001P0DUIgy1hxvqpzbpzxj61sc2dsqv602.jpg",,,2025-01-24,moto razr 50 Ultra,7081181,1000000,1000000,,
5121956434936194,P9dbBkI82,很内向，拍照只比 ,"https://wx2.sinaimg.cn/large/001P0DUIgy1hxhto9hwj7j631r42cu1002.jpg,https://wx1.sinaimg.cn/large/001P0DUIgy1hxhtoeh2n3j61sc2dshdu02.jpg,https://wx1.sinaimg.cn/large/001P0DUIgy1hxhtolr04xj61sc2dsqv602.jpg,https://wx3.sinaimg.cn/large/001P0DUIgy1hxhtogz638j61sc2dsb2a02.jpg,https://wx4.sinaimg.cn/large/001P0DUIgy1hxhtojbru0j61sc2dsu0y02.jpg,https://wx2.sinaimg.cn/large/001P0DUIgy1hxhtobw653j61sc2dse8202.jpg",,,2025-01-12,moto razr 50 Ultra,8845080,1000000,1000000,,
5117996536169672,P7yaFpT0Q,2025第一页已翻开[气运之子]大家元旦快乐呀！ ,"https://wx2.sinaimg.cn/large/001P0DUIgy1hx56vt24lkj61mo268b2a02.jpg,https://wx4.sinaimg.cn/large/001P0DUIgy1hx56vvnpigj61mo268u0x02.jpg,https://wx1.sinaimg.cn/large/001P0DUIgy1hx56w3k0erj61mo268e8202.jpg,https://wx4.sinaimg.cn/large/001P0DUIgy1hx56w7xaolj62681mou0x02.jpg",,,2025-01-01,moto razr 50 Ultra,10196910,1000000,1000000,,
